datetime,open,high,low,close,volume
2025-01-01,50841.8984375,51321.94921875,50485.05078125,51060.6015625,81100
2025-01-02,51084.94921875,51672.75,50992.80078125,51605.55078125,134400
2025-01-03,51567.1484375,51671.6015625,50904.3515625,50988.80078125,148200
2025-01-06,50990.6484375,51026.1015625,49751.0,49922.0,184600
2025-01-07,50061.19921875,50447.6015625,49969.30078125,50202.1484375,103800
2025-01-08,50201.75,50246.8984375,49389.75,49835.05078125,131200
2025-01-09,49712.55078125,49798.1015625,49230.1484375,49503.5,136400
2025-01-10,49426.5,49483.1484375,48631.19921875,48734.1484375,142400
2025-01-13,48264.25,48606.3515625,47898.3515625,48041.25,168800
2025-01-14,48266.8984375,49007.3515625,48235.19921875,48729.1484375,151900
2025-01-15,48832.75,49083.6484375,48522.3984375,48751.69921875,145100
2025-01-16,49082.8984375,49459.0,49038.44921875,49278.69921875,146700
2025-01-17,48959.5,49047.19921875,48309.5,48540.6015625,130600
2025-01-20,48834.1484375,49650.6015625,48683.6015625,49350.80078125,173100
2025-01-21,49532.0,49543.1484375,48430.94921875,48570.8984375,134700
2025-01-22,48689.55078125,48781.75,48074.05078125,48724.3984375,151700
2025-01-23,48770.1484375,48892.69921875,48493.0,48589.0,124600
2025-01-24,48546.05078125,48858.6484375,48203.0,48367.80078125,139900
2025-01-27,47881.6484375,48319.19921875,47844.1484375,48064.6484375,271800
2025-01-28,48642.5,49247.1484375,48449.05078125,48866.8515625,299900
2025-01-29,48997.19921875,49199.6484375,48849.80078125,49165.94921875,177200
2025-01-30,49206.19921875,49426.19921875,49031.80078125,49311.94921875,197900
2025-01-31,49259.6484375,49674.80078125,49031.80078125,49587.19921875,232000
2025-02-03,49074.80078125,49373.44921875,48906.05078125,49210.55078125,122900
2025-02-04,49538.80078125,50206.6015625,49482.5,50157.94921875,155700
2025-02-05,50402.30078125,50522.1484375,50215.44921875,50343.05078125,149000
2025-02-06,50468.3515625,50553.3515625,50149.80078125,50382.1015625,158400
2025-02-07,50484.44921875,50641.75,49871.1484375,50158.8515625,178700
2025-02-10,50052.5,50155.6484375,49703.1015625,49981.0,98400
2025-02-11,49812.1484375,49906.75,49177.3984375,49403.3984375,127000
2025-02-12,49402.25,49702.3515625,48734.3515625,49479.44921875,136500
2025-02-13,49469.3515625,49836.1015625,49276.1015625,49359.8515625,118600
2025-02-14,49485.6484375,49592.94921875,48719.75,49099.44921875,130600
2025-02-17,48880.3984375,49319.0,48525.6015625,49258.8984375,114800
2025-02-18,49211.8515625,49328.55078125,48814.94921875,49087.30078125,107800
2025-02-19,48895.3515625,49628.25,48804.0,49570.1015625,113300
2025-02-20,49314.1015625,49455.80078125,49150.94921875,49334.55078125,112000
2025-02-21,49127.94921875,49306.55078125,48764.0,48981.19921875,95300
2025-02-24,48619.80078125,48748.3984375,48281.8984375,48651.94921875,95700
2025-02-25,48691.19921875,48862.1484375,48534.1484375,48608.3515625,106700
2025-02-27,48732.19921875,48972.55078125,48627.1015625,48743.80078125,186700
2025-02-28,48437.55078125,48574.5,48078.69921875,48344.69921875,287700
2025-03-03,48478.6015625,48574.69921875,47841.30078125,48114.30078125,151000
2025-03-04,47942.5,48374.8984375,47924.75,48245.19921875,139300
2025-03-05,48241.30078125,48657.6484375,48190.25,48489.94921875,127800
2025-03-06,48760.0,48839.1015625,48299.3984375,48627.69921875,137400
2025-03-07,48463.80078125,48709.05078125,48359.3515625,48497.5,106000
2025-03-10,48312.0,48599.1484375,48124.6484375,48216.80078125,123800
2025-03-11,47874.80078125,48029.05078125,47702.8984375,47853.94921875,222400
2025-03-12,47894.3984375,48222.1484375,47844.94921875,48056.6484375,243300
2025-03-13,48219.1484375,48352.44921875,48006.1015625,48060.3984375,145900
2025-03-17,48219.55078125,48481.3515625,48196.1015625,48354.1484375,131300
2025-03-18,48792.8984375,49400.30078125,48629.44921875,49314.5,146600
2025-03-19,49375.3984375,49807.55078125,49324.80078125,49702.6015625,137600
2025-03-20,49947.6015625,50155.30078125,49771.6484375,50062.8515625,115700
2025-03-21,49927.1015625,50672.1484375,49891.94921875,50593.55078125,225500
2025-03-24,50982.69921875,51801.1484375,50795.8984375,51704.94921875,180400
2025-03-25,51874.19921875,52063.94921875,51429.6015625,51607.94921875,185200
2025-03-26,51640.05078125,51875.80078125,51069.1484375,51209.0,152900
2025-03-27,51084.69921875,51714.3515625,51050.8515625,51575.8515625,415800
2025-03-28,51608.3984375,51839.1015625,51335.3515625,51564.8515625,171200
2025-04-01,51178.1484375,51683.8515625,50742.0,50827.5,176300
2025-04-02,50966.8984375,51404.19921875,50908.3515625,51348.05078125,149900
2025-04-03,50910.0,51661.6015625,50906.6484375,51597.3515625,291200
2025-04-04,51711.6015625,51893.6015625,51360.3984375,51502.69921875,189600
2025-04-07,49336.1015625,50426.25,49156.94921875,49860.1015625,236800
2025-04-08,50388.55078125,50793.69921875,50030.80078125,50511.0,162300
2025-04-09,50487.1015625,50496.8984375,49910.8515625,50240.1484375,141800
2025-04-11,50634.1015625,51244.69921875,50634.1015625,51002.3515625,140000
2025-04-15,52299.0,52486.3515625,51863.30078125,52379.5,203800
2025-04-16,52690.8984375,53164.44921875,52471.3515625,53117.75,200500
2025-04-17,53153.75,54407.19921875,53084.8984375,54290.19921875,294900
2025-04-21,54891.25,55461.6484375,54674.94921875,55304.5,300
2025-04-22,55414.30078125,55961.19921875,55243.55078125,55647.19921875,276900
2025-04-23,56097.1015625,56098.69921875,55162.5,55370.05078125,245500
2025-04-24,55103.8984375,55550.44921875,55088.3984375,55201.3984375,233200
2025-04-25,55233.55078125,55350.55078125,54176.44921875,54664.05078125,210800
2025-04-28,54610.30078125,55577.3984375,54582.3515625,55432.80078125,178600
2025-04-29,55524.3515625,55957.75,55262.3984375,55391.25,193900
2025-04-30,55382.3984375,55478.25,54723.69921875,55087.1484375,193500
2025-05-02,55100.94921875,55691.94921875,54994.3984375,55115.3515625,154200
2025-05-05,55065.80078125,55345.5,54786.5,54919.5,139400
2025-05-06,54918.25,55036.94921875,54172.94921875,54271.3984375,198700
2025-05-07,54013.3984375,54684.30078125,53919.8984375,54610.8984375,268900
2025-05-08,54801.75,54937.25,54108.0,54365.6484375,302200
2025-05-09,53595.94921875,54054.80078125,53483.05078125,53595.25,179300
2025-05-12,54658.75,55466.30078125,54558.05078125,55382.8515625,199600
2025-05-13,55233.5,55499.6484375,54888.5,54940.8515625,190000
2025-05-14,55008.55078125,55208.6015625,54491.0,54801.30078125,145200
2025-05-15,54853.69921875,55490.55078125,54442.30078125,55355.6015625,138400
2025-05-16,55276.0,55418.8984375,55170.25,55354.8984375,136000
2025-05-19,55326.05078125,55695.55078125,55296.55078125,55420.69921875,138100
2025-05-20,55445.30078125,55568.3515625,54829.44921875,54877.3515625,143400
2025-05-21,55060.19921875,55336.8515625,54690.80078125,55075.1015625,119500
2025-05-22,54875.8984375,54996.1015625,54576.6015625,54941.30078125,148200
2025-05-23,54959.30078125,55441.30078125,54854.5,55398.25,88900
2025-05-26,55534.8984375,55875.75,55307.5,55572.0,90800
2025-05-27,55458.94921875,55831.3515625,55037.8515625,55352.80078125,145400
2025-05-28,55328.6015625,55521.80078125,55235.55078125,55417.0,128300
2025-05-29,55571.3984375,55782.75,55096.44921875,55546.05078125,185700
2025-05-30,55615.55078125,55813.30078125,55356.6015625,55749.69921875,281100
2025-06-02,55598.25,55966.30078125,55400.55078125,55903.3984375,211300
2025-06-03,56104.80078125,56161.3984375,55455.80078125,55599.94921875,212800
2025-06-04,55650.3515625,55791.0,55408.3515625,55676.8515625,151500
2025-06-05,55806.75,56010.1484375,55580.44921875,55760.8515625,141300
2025-06-06,55699.44921875,56695.0,55534.75,56578.3984375,347000
2025-06-09,57049.5,57049.5,56792.69921875,56839.6015625,207500
2025-06-10,56993.8984375,57015.3984375,56564.1484375,56629.1015625,146000
2025-06-11,56639.8515625,56782.5,56399.3984375,56459.75,135300
2025-06-12,56480.8984375,56611.05078125,55968.5,56082.55078125,135300
2025-06-13,55149.30078125,55688.0,55149.30078125,55527.3515625,142000
2025-06-16,55554.1015625,55999.8515625,55381.44921875,55944.8984375,107700
2025-06-17,55975.0,56067.30078125,55643.94921875,55714.1484375,106300
2025-06-18,55544.94921875,55933.6015625,55511.80078125,55828.75,116400
2025-06-19,55784.8515625,55942.44921875,55475.44921875,55577.44921875,131300
2025-06-20,55566.69921875,56328.19921875,55566.3984375,56252.8515625,161500
2025-06-23,55832.3515625,56233.55078125,55779.25,56059.3515625,86800
2025-06-24,56529.44921875,56862.0,56276.1484375,56461.8984375,132900
2025-06-25,56564.5,56681.3984375,56420.6484375,56621.1484375,98700
2025-06-26,56693.55078125,57263.44921875,56558.3515625,57206.69921875,176500
2025-06-27,57234.69921875,57475.3984375,56993.8515625,57443.8984375,238000
2025-06-30,57529.94921875,57614.5,57193.80078125,57312.75,183000
2025-07-01,57375.80078125,57533.8515625,57150.3515625,57459.44921875,283300
2025-07-02,57558.19921875,57628.3984375,56833.80078125,56999.19921875,169600
2025-07-03,57050.3984375,57193.25,56764.1015625,56791.94921875,149900
2025-07-04,56825.25,57075.1015625,56623.6015625,57031.8984375,93900
2025-07-07,56938.69921875,57152.19921875,56838.55078125,56949.19921875,103300
2025-07-08,56942.55078125,57303.30078125,56923.05078125,57256.30078125,105500
2025-07-09,57199.75,57290.6484375,57037.8984375,57213.55078125,91100
2025-07-10,57339.75,57363.69921875,56886.6015625,56956.0,102000
2025-07-11,56843.44921875,57091.05078125,56607.75,56754.69921875,95500
2025-07-14,56780.75,56896.30078125,56594.25,56765.3515625,123000
2025-07-15,56709.19921875,57134.94921875,56707.80078125,57006.6484375,124600
2025-07-16,57111.25,57276.55078125,56937.6015625,57168.94921875,161300
2025-07-17,57231.94921875,57262.8515625,56780.1484375,56828.80078125,129800
2025-07-18,56524.25,56705.1484375,56204.8515625,56283.0,141200
2025-07-21,56558.8984375,56983.44921875,56255.69921875,56952.75,133700
2025-07-22,57253.3515625,57286.1484375,56692.0,56756.0,132800
2025-07-23,56918.1484375,57249.0,56715.80078125,57210.44921875,129800
2025-07-24,57316.6015625,57316.6015625,56850.8984375,57066.05078125,179800
2025-07-25,57170.69921875,57170.69921875,56439.3984375,56528.8984375,125100
2025-07-28,56215.1015625,56578.3984375,55997.44921875,56084.8984375,145700
2025-07-29,55881.80078125,56296.3984375,55843.25,56222.0,145100
2025-07-30,56310.1015625,56321.1484375,56064.55078125,56150.69921875,139700
2025-07-31,55728.1484375,56406.19921875,55547.3515625,55961.94921875,182800
2025-08-01,55897.1484375,56097.6015625,55562.1015625,55617.6015625,98900
2025-08-04,55557.5,55752.44921875,55437.30078125,55619.3515625,131100
2025-08-05,55545.05078125,55648.1484375,55202.8515625,55360.25,105700
2025-08-06,55329.80078125,55559.3984375,55227.69921875,55411.1484375,117600
2025-08-07,55215.6484375,55614.80078125,54973.55078125,55521.1484375,95500
2025-08-08,55609.3515625,55652.6015625,54905.6015625,55004.8984375,97300
2025-08-11,54999.3515625,55582.1484375,54927.55078125,55510.75,105200
2025-08-12,55441.1015625,55566.69921875,55001.5,55043.69921875,74700
2025-08-13,55340.05078125,55340.05078125,55026.94921875,55181.44921875,80100
2025-08-14,55102.55078125,55472.80078125,55074.30078125,55341.8515625,74200
2025-08-18,55940.6015625,56156.30078125,55647.6484375,55734.8984375,101700
2025-08-19,55622.30078125,55965.55078125,55608.1484375,55865.1484375,89300
2025-08-20,55751.5,55812.6015625,55577.3515625,55698.5,69100
2025-08-21,55972.05078125,55993.6484375,55708.19921875,55755.44921875,70300
2025-08-22,55669.25,55745.0,55102.6015625,55149.3984375,77100
2025-08-25,55147.75,55306.0,55048.3984375,55139.30078125,79900
2025-08-26,54999.05078125,55068.8984375,54396.1015625,54450.44921875,123800
2025-08-28,54256.0,54382.25,53768.44921875,53820.3515625,134300
2025-08-29,53660.3515625,54086.0,53606.44921875,53655.6484375,103900
2025-09-01,53658.1484375,54035.8515625,53658.1484375,54002.44921875,78000
2025-09-02,54038.25,54160.94921875,53578.0,53661.0,77500
2025-09-03,53630.75,54136.1484375,53561.75,54067.55078125,100100
2025-09-04,54379.6015625,54450.55078125,53971.8515625,54075.44921875,120000
2025-09-05,54308.05078125,54308.05078125,53719.55078125,54114.55078125,79900
2025-09-08,54215.3984375,54518.69921875,54067.1484375,54186.8984375,76300
2025-09-09,54330.55078125,54350.6484375,54079.44921875,54216.1015625,93800
2025-09-10,54554.75,54705.19921875,54400.0,54536.0,116900
2025-09-11,54413.05078125,54757.44921875,54402.3984375,54669.6015625,96900
2025-09-12,54781.55078125,54852.25,54580.3515625,54809.30078125,80100
2025-09-15,54884.05078125,55018.69921875,54807.5,54887.8515625,72000
2025-09-16,54778.3984375,55185.44921875,54777.75,55147.6015625,98700
2025-09-17,55158.3515625,55540.75,55146.55078125,55493.30078125,155300
2025-09-18,55797.1015625,55835.25,55490.8984375,55727.44921875,134300
2025-09-19,55647.94921875,55688.75,55355.30078125,55458.8515625,190000
2025-09-22,55429.30078125,55666.3515625,55215.6015625,55284.75,118600
2025-09-23,55248.69921875,55662.0,55159.0,55509.75,171200
2025-09-24,55387.1015625,55511.1015625,55040.44921875,55121.5,172000
2025-09-25,55061.6484375,55276.6484375,54903.30078125,54976.19921875,158400
2025-09-26,54797.8984375,54897.0,54310.94921875,54389.3515625,127700
2025-09-29,54460.3984375,54686.05078125,54226.6015625,54461.0,218300
2025-09-30,54705.5,54793.05078125,54502.94921875,54635.8515625,206900
2025-10-01,54653.8984375,55406.75,54582.55078125,55347.94921875,173000
2025-10-03,55182.6015625,55616.44921875,55177.0,55589.25,156900
2025-10-06,55834.69921875,56164.19921875,55727.25,56104.8515625,162600
2025-10-07,56126.3984375,56502.44921875,56025.05078125,56239.3515625,153700
2025-10-08,56098.5,56303.6015625,55821.0,56018.25,133600
2025-10-09,55979.0,56286.25,55843.8984375,56192.05078125,118000
2025-10-10,56168.6015625,56760.25,56152.44921875,56609.75,163000
2025-10-13,56337.05078125,56770.8984375,56327.3984375,56625.0,123500
2025-10-14,56598.6484375,56721.30078125,56230.1484375,56496.44921875,129800
2025-10-15,56528.94921875,56922.69921875,56491.8515625,56799.8984375,123700
2025-10-16,57139.94921875,57525.80078125,56994.69921875,57422.55078125,148600
2025-10-17,57362.8984375,57830.19921875,57238.6484375,57713.3515625,147200
2025-10-20,57872.8515625,58261.55078125,57872.8515625,58033.19921875,341700
2025-10-21,58063.3984375,58155.55078125,57887.19921875,58007.19921875,39000
2025-10-23,58314.55078125,58577.5,57951.44921875,58078.05078125,291600
2025-10-24,58172.75,58232.8984375,57482.05078125,57699.6015625,132100
2025-10-27,57796.44921875,58224.55078125,57652.75,58114.25,153000
2025-10-28,58006.55078125,58313.80078125,57770.3515625,58214.1015625,256100
2025-10-29,58316.25,58469.8984375,58087.05078125,58385.25,151800
2025-10-30,58152.05078125,58331.19921875,57999.19921875,58031.1015625,223000
2025-10-31,57942.44921875,58254.94921875,57656.94921875,57776.3515625,307900
2025-11-03,57726.8515625,58247.55078125,57718.3984375,58101.44921875,27800
2025-11-04,57966.6484375,58119.6484375,57732.94921875,57827.05078125,168600
2025-11-06,57714.80078125,57945.05078125,57521.0,57554.25,170400
2025-11-07,57391.3984375,58001.3515625,57157.8515625,57876.80078125,142400
2025-11-10,57846.19921875,58097.19921875,57846.19921875,57937.55078125,123400
2025-11-11,57962.30078125,58187.3515625,57594.25,58138.1484375,119600
2025-11-12,58505.3515625,58507.69921875,58171.8515625,58274.6484375,149300
2025-11-13,58158.75,58615.94921875,58127.1015625,58381.94921875,121200
2025-11-14,58050.0,58590.1484375,58050.0,58517.55078125,114800
2025-11-17,58696.30078125,59001.55078125,58605.30078125,58962.69921875,157500
2025-11-18,58990.5,59103.6484375,58798.8984375,58899.25,145500
2025-11-19,58908.1484375,59264.25,58688.55078125,59216.05078125,149800
2025-11-20,59308.19921875,59440.1015625,59125.25,59347.69921875,120000
2025-11-21,59116.69921875,59232.1484375,58823.6484375,58867.69921875,121400
2025-11-24,58996.8984375,59309.8984375,58649.5,58835.3515625,190400
2025-11-25,58925.6484375,59166.1484375,58746.19921875,58820.30078125,137400
2025-11-26,58783.05078125,59554.94921875,58783.05078125,59528.05078125,140200
2025-11-27,59605.30078125,59866.6015625,59523.0,59737.30078125,137800
2025-11-28,59758.69921875,59897.5,59598.94921875,59752.69921875,100000
2025-12-01,60102.05078125,60114.30078125,59527.6015625,59681.3515625,122300
2025-12-02,59354.19921875,59656.55078125,59251.94921875,59273.80078125,207100
2025-12-03,59158.69921875,59414.8984375,58925.69921875,59348.25,166400
2025-12-04,59287.1015625,59548.69921875,59062.1484375,59288.69921875,109600
2025-12-05,59133.19921875,59806.6015625,59106.55078125,59777.19921875,119500
2025-12-08,59672.05078125,59713.1484375,59030.6015625,59238.55078125,131200
2025-12-09,58918.8515625,59358.25,58878.44921875,59222.3515625,137800
2025-12-10,59281.55078125,59440.8984375,58853.8984375,58960.3984375,105200
2025-12-11,58966.19921875,59423.3515625,58799.8984375,59209.8515625,96900
2025-12-12,59401.5,59545.69921875,59224.8515625,59389.94921875,107700
2025-12-15,59053.69921875,59533.0,59052.30078125,59461.80078125,125200
2025-12-16,59288.75,59335.25,58966.3515625,59034.6015625,123300
2025-12-17,59072.80078125,59127.19921875,58801.3984375,58926.75,132700
2025-12-18,58712.69921875,59211.0,58712.69921875,58912.8515625,97400
2025-12-19,59047.3984375,59140.55078125,58897.5,59069.19921875,179100
2025-12-22,59224.75,59371.19921875,59155.5,59304.0,114800
2025-12-23,59334.3515625,59402.3515625,59216.75,59299.55078125,91800
2025-12-24,59322.94921875,59478.1484375,59118.25,59183.6015625,82500
2025-12-26,59092.8515625,59180.6484375,58947.05078125,59011.3515625,72900
2025-12-29,59007.05078125,59140.3984375,58809.55078125,58932.3515625,106900
2025-12-30,58885.94921875,59272.69921875,58737.6015625,59171.25,295700
2025-12-31,59194.6015625,59766.19921875,59187.1015625,59581.8515625,122600
2026-01-01,59674.80078125,59743.19921875,59569.6484375,59711.55078125,71800
2026-01-02,59757.3984375,60203.75,59738.25,60150.94921875,250400
2026-01-05,60360.3984375,60437.3515625,59859.80078125,60044.19921875,318500
2026-01-06,59957.80078125,60305.0,59844.80078125,60118.3984375,295400
2026-01-07,60039.69921875,60065.3984375,59760.6484375,59990.8515625,376300
2026-01-08,59893.1484375,60112.8515625,59564.80078125,59686.5,312900
2026-01-09,59558.1484375,59739.6484375,59154.19921875,59251.55078125,272500
2026-01-12,59217.25,59541.1015625,58864.19921875,59450.5,262400
2026-01-13,59767.55078125,59767.55078125,59312.05078125,59578.80078125,224200
2026-01-14,59330.3515625,59796.6484375,59324.19921875,59580.1484375,341500
2026-01-16,59590.3515625,60235.1484375,59510.5,60095.1484375,478100
2026-01-19,60093.30078125,60107.5,59594.6015625,59891.3515625,492900
2026-01-20,59851.3984375,59993.5,59283.94921875,59404.19921875,396100
2026-01-21,59142.0,59447.3515625,58278.6015625,58800.30078125,331700
2026-01-22,59194.25,59573.1015625,58823.05078125,59200.1015625,300700
2026-01-23,59305.1484375,59400.1484375,58346.25,58473.1015625,323400
2026-01-27,58366.05078125,59436.80078125,58121.6015625,59205.44921875,388800
2026-01-28,59575.6484375,59699.8984375,59240.1015625,59598.80078125,289300
2026-01-29,59416.25,60060.69921875,59339.0,59957.8515625,617400
2026-01-30,59542.25,59906.8984375,59501.80078125,59610.44921875,317800
2026-02-02,58239.30078125,58687.05078125,57829.8515625,58619.0,282500
2026-02-03,61411.19921875,61764.8515625,59793.19921875,60041.30078125,368300
2026-02-04,60163.3515625,60389.3984375,59891.75,60238.1484375,255600
2026-02-05,60315.3515625,60328.30078125,59881.05078125,60063.6484375,200
2026-02-06,59967.1015625,60149.8984375,59644.55078125,60120.55078125,204800
2026-02-09,60805.19921875,60876.19921875,60495.69921875,60669.3515625,263400
2026-02-10,60740.80078125,60797.55078125,60531.55078125,60626.3984375,215900
2026-02-11,60670.25,60779.94921875,60444.6484375,60745.3515625,235100
2026-02-12,60786.1484375,60864.3984375,60597.6484375,60739.75,267000
2026-02-13,60504.3984375,60621.8984375,60073.55078125,60186.6484375,236600
2026-02-16,59947.80078125,61011.30078125,59861.1015625,60949.1015625,168600
2026-02-17,60821.1484375,61241.6015625,60560.0,61174.0,264000
2026-02-18,61255.3515625,61596.8515625,61100.8984375,61550.80078125,218100
2026-02-19,61660.8515625,61678.80078125,60592.8984375,60739.55078125,190600
2026-02-20,60627.8515625,61360.5,60562.3515625,61172.0,219800
2026-02-23,61145.55078125,61517.80078125,61029.1484375,61264.25,841900
2026-02-24,61392.1015625,61435.6484375,60801.8515625,61047.30078125,587700
2026-02-25,61175.05078125,61317.55078125,60816.75,61043.3515625,321600
2026-02-26,61193.8984375,61284.75,60813.30078125,61187.69921875,602700
2026-02-27,61057.44921875,61086.44921875,60438.94921875,60529.0,369200
2026-03-02,59204.30078125,60177.5,59148.0,59839.6484375,387100
2026-03-04,58447.1484375,59058.3984375,58393.55078125,58755.25,363100
2026-03-05,59008.25,59274.3515625,58506.3984375,59055.8515625,273500
2026-03-06,58629.6015625,58807.1484375,57696.3984375,57783.25,256900
2026-03-09,56121.3984375,56274.1484375,55270.6015625,56019.80078125,374100
2026-03-10,56583.8515625,57097.05078125,56387.19921875,56950.80078125,346800
2026-03-11,56790.3984375,56938.3984375,55631.94921875,55735.75,261000
2026-03-12,55008.19921875,55636.94921875,54760.55078125,55100.94921875,311300
2026-03-13,54592.05078125,54713.75,53675.69921875,53757.8515625,327500
2026-03-16,53721.5,54664.1484375,53258.1484375,54413.3984375,390200
2026-03-17,54649.1015625,54996.0,54113.1484375,54876.0,277100
2026-03-18,54927.05078125,55554.1484375,54689.1015625,55326.05078125,223200
2026-03-19,53474.55078125,54150.30078125,53240.6015625,53451.0,395300
2026-03-20,53548.19921875,54382.44921875,53297.55078125,53427.05078125,403500
2026-03-23,52576.1015625,52665.30078125,51323.6015625,51437.75,397300
2026-03-24,52384.80078125,52949.1484375,51827.5,52605.6484375,340600
2026-03-25,53024.75,54146.1484375,53024.75,53708.1015625,348600
2026-03-27,53244.25,53292.5,52211.19921875,52274.6015625,653000
2026-03-30,51527.8984375,51624.5,50105.25,50275.3515625,564900
2026-04-01,51433.8984375,52025.8515625,51133.55078125,51448.6484375,370100
2026-04-02,50625.6484375,51731.94921875,49954.8515625,51548.75,339200
2026-04-06,51747.6015625,52704.55078125,51111.1015625,52609.1015625,355000
2026-04-07,52258.69921875,52778.19921875,51868.44921875,52716.25,279700
2026-04-08,54904.44921875,55778.25,54797.5,55703.8984375,443600
2026-04-09,55505.94921875,55583.1015625,54626.8515625,54821.69921875,298800
2026-04-10,55182.25,55978.5,55145.25,55912.75,281000
2026-04-13,54646.0,55752.6484375,54356.19921875,55605.05078125,303600
2026-04-15,56343.44921875,56786.25,56109.19921875,56301.94921875,268000
2026-04-16,56657.25,56834.25,55898.25,56086.3984375,402200
2026-04-17,56072.3984375,56628.69921875,55841.6484375,56565.69921875,290600
2026-04-20,56704.05078125,57085.1015625,56356.55078125,56582.3515625,596100
2026-04-21,56823.6015625,57456.30078125,56696.30078125,57371.44921875,281400
2026-04-22,57163.3515625,57438.19921875,57002.1484375,57124.44921875,261900
2026-04-23,56608.94921875,56868.69921875,56217.1484375,56305.0,336300
2026-04-24,56170.19921875,56460.5,55750.3984375,56089.75,241200
2026-04-27,56162.6015625,56474.94921875,55911.1015625,56264.30078125,235500
2026-04-28,55862.5,56138.05078125,55263.75,55400.3515625,292600
2026-04-29,55634.5,56178.75,55290.5,55403.6015625,313100
2026-04-30,54880.6484375,55111.6015625,54440.25,54863.3515625,299000
2026-05-04,54937.8984375,55602.30078125,54723.5,54878.5,282600
2026-05-05,54691.30078125,54888.55078125,54221.6484375,54547.05078125,379800
2026-05-06,55113.3984375,56078.80078125,54587.19921875,55981.05078125,653300
2026-05-07,56114.0,56334.1484375,55783.19921875,56047.3984375,463500
2026-05-08,55783.94921875,55797.69921875,55062.5,55310.55078125,429500
2026-05-11,54832.44921875,55002.44921875,54360.69921875,54439.8984375,486800
2026-05-12,54178.3984375,54365.44921875,53457.5,53555.19921875,364400
2026-05-13,53600.3984375,54103.8984375,53194.25,53456.1484375,305900
2026-05-14,53639.5,54393.75,53191.6015625,54128.94921875,311800
2026-05-15,54207.75,54325.44921875,53628.30078125,53710.3515625,315100
2026-05-18,53282.1484375,53667.55078125,52783.44921875,53537.0,311800
2026-05-19,53553.75,53770.6484375,53337.05078125,53409.1484375,267800
2026-05-20,53015.69921875,53640.8984375,52836.1015625,53562.19921875,221400
2026-05-21,53963.1015625,54109.1484375,53156.1484375,53439.3984375,285500
2026-05-22,53483.8515625,54213.05078125,53483.55078125,54055.3515625,229300
2026-05-25,54610.55078125,55405.19921875,54590.69921875,55293.6484375,262400
2026-05-26,55311.80078125,55536.80078125,54979.75,55092.8984375,321300
2026-05-27,54992.94921875,55221.69921875,54738.6015625,54853.8515625,268100
2026-05-29,54748.30078125,55184.44921875,54116.1484375,54239.19921875,1042600
2026-06-01,54403.8515625,54582.75,53470.0,53643.1015625,322900
2026-06-02,53265.1015625,53933.55078125,53121.8515625,53714.6484375,406400
2026-06-03,53541.1015625,54299.3515625,53027.1484375,54185.94921875,339100
2026-06-04,53918.8515625,54461.0,53829.3984375,54307.8515625,273700
2026-06-05,54405.19921875,54865.5,54140.6015625,54496.25,369000
2026-06-08,53853.44921875,54455.19921875,53843.30078125,54063.75,299400
2026-06-09,54265.0,55318.3515625,54242.30078125,55194.5,409700
2026-06-10,55110.5,55555.8515625,55026.1484375,55100.30078125,343200
2026-06-11,54779.6484375,55600.1484375,54753.1484375,55176.75,339400
2026-06-12,55934.1015625,56867.1015625,55726.55078125,56814.80078125,337400
2026-06-15,57679.6484375,57804.5,57119.19921875,57198.80078125,350700
2026-06-16,57320.1015625,57399.69921875,57076.25,57297.1484375,375400
2026-06-17,57434.05078125,57646.1484375,57222.3984375,57585.05078125,583400
2026-06-18,57596.44921875,58021.25,57583.19921875,57963.80078125,409600
2026-06-19,57754.94921875,57804.8984375,57464.55078125,57685.75,285800
2026-06-22,57906.8984375,58009.1015625,57720.1015625,57935.6015625,293500
2026-06-23,57886.75,57970.8984375,57078.44921875,57183.75,267200
2026-06-24,57074.8984375,58256.3515625,57074.8984375,58150.3515625,283200
2026-06-25,58493.8515625,58706.05078125,58109.8515625,58177.05078125,296500
2026-06-29,58191.44921875,58318.05078125,57637.25,57727.3515625,529800
2026-06-30,58011.94921875,58011.94921875,57456.6484375,57542.8984375,398700
2026-07-01,57573.3515625,58134.1484375,57487.8515625,58033.05078125,260500
2026-07-02,58134.5,58396.1015625,57884.6015625,58031.6484375,273300
2026-07-03,58343.25,58343.25,57799.05078125,57938.5,326300
2026-07-06,57983.8984375,58477.30078125,57938.6484375,58291.5,284400
2026-07-07,58567.8515625,58581.1015625,58110.1015625,58200.69921875,261900
2026-07-08,57918.25,58075.6015625,56549.3984375,56742.6015625,304900
2026-07-09,56871.0,57464.19921875,56867.30078125,57252.44921875,231600
2026-07-10,57592.5,58251.94921875,57576.69921875,58045.8984375,235600
2026-07-13,57616.69921875,58219.8984375,57492.05078125,58131.44921875,210300
2026-07-14,57832.55078125,57840.05078125,57286.8984375,57462.30078125,206800
2026-07-15,57643.75,58148.80078125,57545.19921875,57757.8515625,231000
2026-07-16,57831.1015625,57931.30078125,57420.1484375,57582.25,171400
2026-07-17,57662.0,58596.8515625,57542.1484375,58521.3984375,251900
2026-07-20,57738.25,58111.0,57533.1015625,57945.0,540500
2026-07-21,57853.75,58228.6484375,57803.8515625,57835.3515625,312600
2026-07-22,57768.3984375,57824.0,56970.6015625,57126.80078125,308500
2026-07-23,56796.94921875,56930.1484375,56374.75,56592.0,194900
2026-07-24,56169.3984375,56831.44921875,56023.6015625,56693.5,218000
2026-07-27,57116.80078125,57330.05078125,56928.6484375,57087.19921875,398400
2026-07-28,56883.55078125,57054.19921875,56672.3984375,56755.6015625,282600
2026-07-29,57126.6015625,57315.94921875,56939.3515625,57205.8984375,176200
2026-07-30,57127.05078125,57236.6484375,56768.6015625,57147.5,202900
2026-07-31,57225.8984375,57411.25,57139.6015625,57264.8515625,158800
2026-08-03,57569.6015625,58247.94921875,57465.94921875,58247.94921875,152700
2026-08-04,58068.94921875,58068.94921875,57352.6484375,57907.19921875,168700
2026-08-05,57810.05078125,57931.8515625,57456.3515625,57739.94921875,240400
2026-08-06,57815.0,58076.8515625,57714.69921875,58063.6484375,211700
2026-08-07,57882.0,57994.44921875,57686.55078125,57746.44921875,180000
2026-08-10,57812.30078125,58015.8515625,57527.75,57686.94921875,172000
2026-08-11,57604.3515625,57607.25,57158.1015625,57446.25,162300
2026-08-12,57391.80078125,57885.8515625,57254.0,57885.8515625,269700
2026-08-13,57799.1484375,57799.1484375,57548.6015625,57635.25,144700
2026-08-14,57589.75,57681.44921875,57380.44921875,57491.1015625,144900
2026-08-17,57418.30078125,57757.25,57119.6015625,57497.80078125,155600
2026-08-18,57325.55078125,57584.69921875,57217.6015625,57262.3984375,129700
2026-08-19,57260.6484375,57356.8515625,57001.75,57239.75,139400
2026-08-20,57507.6484375,57702.94921875,57431.80078125,57495.8984375,135300
2026-08-21,57613.19921875,57772.44921875,57481.55078125,57761.94921875,147500
2026-08-24,57828.1484375,57873.75,57245.94921875,57525.94921875,148600
2026-08-25,57360.6484375,57653.8515625,57231.25,57514.19921875,198900
2026-08-26,57628.6484375,57996.05078125,57611.8515625,57783.75,170600
2026-08-27,57985.0,58012.3984375,57509.94921875,57509.94921875,193600
2026-08-28,57429.75,57596.3984375,57264.0,57496.30078125,165000
2026-08-31,57353.75,58024.94921875,57187.3515625,58024.94921875,309200
2026-09-01,57560.30078125,57766.25,57150.69921875,57409.6015625,198500
2026-09-02,57006.44921875,57221.1015625,56823.19921875,57172.0,198900
2026-09-03,57497.8515625,57753.6015625,57380.6015625,57380.6015625,213200
2026-09-04,57492.6484375,57677.1484375,57324.55078125,57369.6484375,133200
2026-09-07,57343.30078125,57426.8515625,57002.94921875,57088.30078125,130200
2026-09-08,56990.3984375,57044.0,56720.44921875,56777.55078125,145800
2026-09-09,56498.8515625,56743.05078125,56295.55078125,56295.55078125,186000
2026-09-10,56262.75,56575.1484375,56231.8515625,56471.94921875,182900
2026-09-11,55970.1484375,56645.8515625,55699.44921875,56606.55078125,358500
2026-09-15,56884.25,56996.3515625,55794.75,55794.75,253200
2026-09-16,56007.6484375,56368.69921875,55812.19921875,56292.44921875,0
