start_capital,risk_pct,ending_capital,cagr_pct,max_dd_inr,max_dd_pct,max_losing_streak,skipped_trades,candidate_id,candidate_name,period
50000.0,0.01,178058.78,28.92,54451.22,30.58,7,0,Candidate A,10D Breakout ATM Debit Spread (W200),5Y_PRIMARY
50000.0,0.02,178058.78,28.92,54451.22,30.58,7,0,Candidate A,10D Breakout ATM Debit Spread (W200),5Y_PRIMARY
50000.0,0.03,178058.78,28.92,54451.22,30.58,7,0,Candidate A,10D Breakout ATM Debit Spread (W200),5Y_PRIMARY
50000.0,0.05,220383.62,34.54,54451.22,24.71,7,0,Candidate A,10D Breakout ATM Debit Spread (W200),5Y_PRIMARY
50000.0,0.08,253084.63,38.31,55336.67,21.86,7,0,Candidate A,10D Breakout ATM Debit Spread (W200),5Y_PRIMARY
50000.0,0.1,444704.04,54.82,98109.06,22.06,7,0,Candidate A,10D Breakout ATM Debit Spread (W200),5Y_PRIMARY
75000.0,0.01,203058.78,22.04,54451.22,26.82,7,0,Candidate A,10D Breakout ATM Debit Spread (W200),5Y_PRIMARY
75000.0,0.02,203058.78,22.04,54451.22,26.82,7,0,Candidate A,10D Breakout ATM Debit Spread (W200),5Y_PRIMARY
75000.0,0.03,215431.46,23.5,54451.22,25.28,7,0,Candidate A,10D Breakout ATM Debit Spread (W200),5Y_PRIMARY
75000.0,0.05,248375.41,27.06,46118.58,18.57,7,0,Candidate A,10D Breakout ATM Debit Spread (W200),5Y_PRIMARY
75000.0,0.08,430624.16,41.84,98109.06,22.78,7,0,Candidate A,10D Breakout ATM Debit Spread (W200),5Y_PRIMARY
75000.0,0.1,648891.25,53.97,158075.15,24.36,7,0,Candidate A,10D Breakout ATM Debit Spread (W200),5Y_PRIMARY
100000.0,0.01,228058.78,17.93,54451.22,23.88,7,0,Candidate A,10D Breakout ATM Debit Spread (W200),5Y_PRIMARY
100000.0,0.02,231563.72,18.29,54451.22,23.51,7,0,Candidate A,10D Breakout ATM Debit Spread (W200),5Y_PRIMARY
100000.0,0.03,253581.72,20.45,54451.22,21.47,7,0,Candidate A,10D Breakout ATM Debit Spread (W200),5Y_PRIMARY
100000.0,0.05,294408.36,24.11,54553.96,18.53,7,0,Candidate A,10D Breakout ATM Debit Spread (W200),5Y_PRIMARY
100000.0,0.08,621316.68,44.1,156111.94,25.13,7,0,Candidate A,10D Breakout ATM Debit Spread (W200),5Y_PRIMARY
100000.0,0.1,730083.7,48.82,185083.37,25.35,7,0,Candidate A,10D Breakout ATM Debit Spread (W200),5Y_PRIMARY
150000.0,0.01,278058.78,13.14,54451.22,19.58,7,0,Candidate A,10D Breakout ATM Debit Spread (W200),5Y_PRIMARY
150000.0,0.02,293223.46,14.35,54451.22,18.57,7,0,Candidate A,10D Breakout ATM Debit Spread (W200),5Y_PRIMARY
150000.0,0.03,300467.35,14.91,54451.22,18.12,7,0,Candidate A,10D Breakout ATM Debit Spread (W200),5Y_PRIMARY
150000.0,0.05,528226.21,28.63,112661.61,21.33,7,0,Candidate A,10D Breakout ATM Debit Spread (W200),5Y_PRIMARY
150000.0,0.08,951952.8,44.71,255927.27,26.88,7,0,Candidate A,10D Breakout ATM Debit Spread (W200),5Y_PRIMARY
150000.0,0.1,1210957.83,51.85,342573.74,28.29,7,0,Candidate A,10D Breakout ATM Debit Spread (W200),5Y_PRIMARY
200000.0,0.01,328058.78,10.4,54451.22,16.6,7,0,Candidate A,10D Breakout ATM Debit Spread (W200),5Y_PRIMARY
200000.0,0.02,356027.0,12.23,54451.22,15.29,7,0,Candidate A,10D Breakout ATM Debit Spread (W200),5Y_PRIMARY
200000.0,0.03,368526.49,13.0,46118.58,12.51,7,0,Candidate A,10D Breakout ATM Debit Spread (W200),5Y_PRIMARY
200000.0,0.05,804106.91,32.09,158212.08,19.68,7,0,Candidate A,10D Breakout ATM Debit Spread (W200),5Y_PRIMARY
200000.0,0.08,1324543.46,45.95,372726.33,28.14,7,0,Candidate A,10D Breakout ATM Debit Spread (W200),5Y_PRIMARY
200000.0,0.1,1831161.43,55.72,486575.97,26.57,7,0,Candidate A,10D Breakout ATM Debit Spread (W200),5Y_PRIMARY
50000.0,0.01,181173.11,18.35,54451.22,30.05,7,0,Candidate A,10D Breakout ATM Debit Spread (W200),7.6Y_SECONDARY
50000.0,0.02,181173.11,18.35,54451.22,30.05,7,0,Candidate A,10D Breakout ATM Debit Spread (W200),7.6Y_SECONDARY
50000.0,0.03,198100.97,19.75,54451.22,27.49,7,0,Candidate A,10D Breakout ATM Debit Spread (W200),7.6Y_SECONDARY
50000.0,0.05,221464.82,21.51,54451.22,24.59,7,0,Candidate A,10D Breakout ATM Debit Spread (W200),7.6Y_SECONDARY
50000.0,0.08,262178.24,24.22,64039.6,24.43,7,0,Candidate A,10D Breakout ATM Debit Spread (W200),7.6Y_SECONDARY
50000.0,0.1,444676.29,33.11,98109.06,22.06,7,0,Candidate A,10D Breakout ATM Debit Spread (W200),7.6Y_SECONDARY
75000.0,0.01,206173.11,14.15,54451.22,26.41,7,0,Candidate A,10D Breakout ATM Debit Spread (W200),7.6Y_SECONDARY
75000.0,0.02,206173.11,14.15,54451.22,26.41,7,0,Candidate A,10D Breakout ATM Debit Spread (W200),7.6Y_SECONDARY
75000.0,0.03,217147.02,14.93,54451.22,25.08,7,0,Candidate A,10D Breakout ATM Debit Spread (W200),7.6Y_SECONDARY
75000.0,0.05,280248.85,18.83,48241.55,17.21,7,0,Candidate A,10D Breakout ATM Debit Spread (W200),7.6Y_SECONDARY
75000.0,0.08,433481.35,25.81,92957.79,21.44,7,0,Candidate A,10D Breakout ATM Debit Spread (W200),7.6Y_SECONDARY
75000.0,0.1,647100.98,32.59,158075.15,24.43,7,0,Candidate A,10D Breakout ATM Debit Spread (W200),7.6Y_SECONDARY
100000.0,0.01,231173.11,11.59,54451.22,23.55,7,0,Candidate A,10D Breakout ATM Debit Spread (W200),7.6Y_SECONDARY
100000.0,0.02,234678.05,11.81,54451.22,23.2,7,0,Candidate A,10D Breakout ATM Debit Spread (W200),7.6Y_SECONDARY
100000.0,0.03,252330.74,12.88,54451.22,21.58,7,0,Candidate A,10D Breakout ATM Debit Spread (W200),7.6Y_SECONDARY
100000.0,0.05,293388.22,15.13,59605.41,20.32,7,0,Candidate A,10D Breakout ATM Debit Spread (W200),7.6Y_SECONDARY
100000.0,0.08,741315.62,29.98,203284.33,27.42,7,0,Candidate A,10D Breakout ATM Debit Spread (W200),7.6Y_SECONDARY
100000.0,0.1,1211442.2,38.61,342573.74,28.28,7,0,Candidate A,10D Breakout ATM Debit Spread (W200),7.6Y_SECONDARY
150000.0,0.01,281173.11,8.57,54451.22,19.37,7,0,Candidate A,10D Breakout ATM Debit Spread (W200),7.6Y_SECONDARY
150000.0,0.02,294170.5,9.22,54451.22,18.51,7,0,Candidate A,10D Breakout ATM Debit Spread (W200),7.6Y_SECONDARY
150000.0,0.03,307086.62,9.83,54451.22,17.73,7,0,Candidate A,10D Breakout ATM Debit Spread (W200),7.6Y_SECONDARY
150000.0,0.05,536244.56,18.15,119390.43,22.26,7,0,Candidate A,10D Breakout ATM Debit Spread (W200),7.6Y_SECONDARY
150000.0,0.08,933876.86,27.04,248488.55,26.61,7,0,Candidate A,10D Breakout ATM Debit Spread (W200),7.6Y_SECONDARY
150000.0,0.1,1118163.23,30.07,300589.49,26.88,7,0,Candidate A,10D Breakout ATM Debit Spread (W200),7.6Y_SECONDARY
200000.0,0.01,331173.11,6.82,54451.22,16.44,7,0,Candidate A,10D Breakout ATM Debit Spread (W200),7.6Y_SECONDARY
200000.0,0.02,360333.72,8.01,54451.22,15.11,7,0,Candidate A,10D Breakout ATM Debit Spread (W200),7.6Y_SECONDARY
200000.0,0.03,368153.61,8.31,48241.55,13.1,7,0,Candidate A,10D Breakout ATM Debit Spread (W200),7.6Y_SECONDARY
200000.0,0.05,806273.38,20.02,157097.21,19.48,7,0,Candidate A,10D Breakout ATM Debit Spread (W200),7.6Y_SECONDARY
200000.0,0.08,1607982.51,31.37,434948.87,27.05,7,0,Candidate A,10D Breakout ATM Debit Spread (W200),7.6Y_SECONDARY
200000.0,0.1,1831171.25,33.62,486575.97,26.57,7,0,Candidate A,10D Breakout ATM Debit Spread (W200),7.6Y_SECONDARY
50000.0,0.01,202308.03,32.25,49006.49,24.22,7,0,Candidate B,"10D Breakout Convex OTM Debit Spread (W250, Off50)",5Y_PRIMARY
50000.0,0.02,202308.03,32.25,49006.49,24.22,7,0,Candidate B,"10D Breakout Convex OTM Debit Spread (W250, Off50)",5Y_PRIMARY
50000.0,0.03,218558.71,34.31,49006.49,22.42,7,0,Candidate B,"10D Breakout Convex OTM Debit Spread (W250, Off50)",5Y_PRIMARY
50000.0,0.05,313193.08,44.33,50133.25,16.01,7,0,Candidate B,"10D Breakout Convex OTM Debit Spread (W250, Off50)",5Y_PRIMARY
50000.0,0.08,688934.86,68.98,178412.13,25.9,7,0,Candidate B,"10D Breakout Convex OTM Debit Spread (W250, Off50)",5Y_PRIMARY
50000.0,0.1,915197.7,78.86,267534.79,29.23,7,0,Candidate B,"10D Breakout Convex OTM Debit Spread (W250, Off50)",5Y_PRIMARY
75000.0,0.01,227308.03,24.83,49006.49,21.56,7,0,Candidate B,"10D Breakout Convex OTM Debit Spread (W250, Off50)",5Y_PRIMARY
75000.0,0.02,233559.43,25.51,49006.49,20.98,7,0,Candidate B,"10D Breakout Convex OTM Debit Spread (W250, Off50)",5Y_PRIMARY
75000.0,0.03,264996.28,28.72,51187.4,19.32,7,0,Candidate B,"10D Breakout Convex OTM Debit Spread (W250, Off50)",5Y_PRIMARY
75000.0,0.05,317239.65,33.43,54437.15,17.16,7,0,Candidate B,"10D Breakout Convex OTM Debit Spread (W250, Off50)",5Y_PRIMARY
75000.0,0.08,715180.62,56.99,219407.38,30.68,7,0,Candidate B,"10D Breakout Convex OTM Debit Spread (W250, Off50)",5Y_PRIMARY
75000.0,0.1,1523129.11,82.61,483273.81,31.73,7,0,Candidate B,"10D Breakout Convex OTM Debit Spread (W250, Off50)",5Y_PRIMARY
100000.0,0.01,252308.03,20.33,49006.49,19.42,7,0,Candidate B,"10D Breakout Convex OTM Debit Spread (W250, Off50)",5Y_PRIMARY
100000.0,0.02,272632.3,22.21,49006.49,17.98,7,0,Candidate B,"10D Breakout Convex OTM Debit Spread (W250, Off50)",5Y_PRIMARY
100000.0,0.03,328186.52,26.83,42630.66,12.99,7,0,Candidate B,"10D Breakout Convex OTM Debit Spread (W250, Off50)",5Y_PRIMARY
100000.0,0.05,431744.74,33.98,84090.42,19.48,7,0,Candidate B,"10D Breakout Convex OTM Debit Spread (W250, Off50)",5Y_PRIMARY
100000.0,0.08,1146904.33,62.89,293656.03,25.6,7,0,Candidate B,"10D Breakout Convex OTM Debit Spread (W250, Off50)",5Y_PRIMARY
100000.0,0.1,1523822.27,72.42,483273.81,31.71,7,0,Candidate B,"10D Breakout Convex OTM Debit Spread (W250, Off50)",5Y_PRIMARY
150000.0,0.01,302308.03,15.05,49006.49,16.21,7,0,Candidate B,"10D Breakout Convex OTM Debit Spread (W250, Off50)",5Y_PRIMARY
150000.0,0.02,338362.48,17.67,51187.4,15.13,7,0,Candidate B,"10D Breakout Convex OTM Debit Spread (W250, Off50)",5Y_PRIMARY
150000.0,0.03,347294.52,18.28,45863.02,13.21,7,0,Candidate B,"10D Breakout Convex OTM Debit Spread (W250, Off50)",5Y_PRIMARY
150000.0,0.05,810173.5,40.12,181613.53,22.42,7,0,Candidate B,"10D Breakout Convex OTM Debit Spread (W250, Off50)",5Y_PRIMARY
150000.0,0.08,2086979.15,69.31,580584.51,27.82,7,0,Candidate B,"10D Breakout Convex OTM Debit Spread (W250, Off50)",5Y_PRIMARY
150000.0,0.1,2674388.62,77.92,837584.46,31.32,7,0,Candidate B,"10D Breakout Convex OTM Debit Spread (W250, Off50)",5Y_PRIMARY
200000.0,0.01,352308.03,11.99,49006.49,13.91,7,0,Candidate B,"10D Breakout Convex OTM Debit Spread (W250, Off50)",5Y_PRIMARY
200000.0,0.02,416082.78,15.78,42630.66,10.25,7,0,Candidate B,"10D Breakout Convex OTM Debit Spread (W250, Off50)",5Y_PRIMARY
200000.0,0.03,552936.36,22.55,82001.1,14.83,7,0,Candidate B,"10D Breakout Convex OTM Debit Spread (W250, Off50)",5Y_PRIMARY
200000.0,0.05,1225093.52,43.69,254923.05,20.81,7,0,Candidate B,"10D Breakout Convex OTM Debit Spread (W250, Off50)",5Y_PRIMARY
200000.0,0.08,2619611.27,67.28,772692.48,29.5,7,0,Candidate B,"10D Breakout Convex OTM Debit Spread (W250, Off50)",5Y_PRIMARY
200000.0,0.1,3917905.95,81.3,1263024.59,32.24,7,0,Candidate B,"10D Breakout Convex OTM Debit Spread (W250, Off50)",5Y_PRIMARY
50000.0,0.01,194135.56,19.43,49987.04,25.75,9,0,Candidate B,"10D Breakout Convex OTM Debit Spread (W250, Off50)",7.6Y_SECONDARY
50000.0,0.02,194135.56,19.43,49987.04,25.75,9,0,Candidate B,"10D Breakout Convex OTM Debit Spread (W250, Off50)",7.6Y_SECONDARY
50000.0,0.03,213025.29,20.89,49987.04,23.47,9,0,Candidate B,"10D Breakout Convex OTM Debit Spread (W250, Off50)",7.6Y_SECONDARY
50000.0,0.05,313707.74,27.17,50133.25,15.98,9,0,Candidate B,"10D Breakout Convex OTM Debit Spread (W250, Off50)",7.6Y_SECONDARY
50000.0,0.08,528392.25,36.15,138959.37,26.3,9,0,Candidate B,"10D Breakout Convex OTM Debit Spread (W250, Off50)",7.6Y_SECONDARY
50000.0,0.1,865241.19,45.23,258001.43,29.82,9,0,Candidate B,"10D Breakout Convex OTM Debit Spread (W250, Off50)",7.6Y_SECONDARY
75000.0,0.01,219135.56,15.07,49987.04,22.81,9,0,Candidate B,"10D Breakout Convex OTM Debit Spread (W250, Off50)",7.6Y_SECONDARY
75000.0,0.02,226560.05,15.57,49987.04,22.06,9,0,Candidate B,"10D Breakout Convex OTM Debit Spread (W250, Off50)",7.6Y_SECONDARY
75000.0,0.03,235021.92,16.13,51187.4,21.78,9,0,Candidate B,"10D Breakout Convex OTM Debit Spread (W250, Off50)",7.6Y_SECONDARY
75000.0,0.05,317364.92,20.78,54437.15,17.15,9,0,Candidate B,"10D Breakout Convex OTM Debit Spread (W250, Off50)",7.6Y_SECONDARY
75000.0,0.08,850947.09,37.43,228996.08,26.91,9,0,Candidate B,"10D Breakout Convex OTM Debit Spread (W250, Off50)",7.6Y_SECONDARY
75000.0,0.1,1523078.88,48.31,483273.81,31.73,9,0,Candidate B,"10D Breakout Convex OTM Debit Spread (W250, Off50)",7.6Y_SECONDARY
100000.0,0.01,244135.56,12.39,49987.04,20.48,9,0,Candidate B,"10D Breakout Convex OTM Debit Spread (W250, Off50)",7.6Y_SECONDARY
100000.0,0.02,253879.77,12.97,49987.04,19.69,9,0,Candidate B,"10D Breakout Convex OTM Debit Spread (W250, Off50)",7.6Y_SECONDARY
100000.0,0.03,315570.99,16.23,49987.04,15.84,9,0,Candidate B,"10D Breakout Convex OTM Debit Spread (W250, Off50)",7.6Y_SECONDARY
100000.0,0.05,432135.05,21.11,84090.42,19.46,9,0,Candidate B,"10D Breakout Convex OTM Debit Spread (W250, Off50)",7.6Y_SECONDARY
100000.0,0.08,1468073.91,42.14,425357.25,28.97,9,0,Candidate B,"10D Breakout Convex OTM Debit Spread (W250, Off50)",7.6Y_SECONDARY
100000.0,0.1,1526471.16,42.87,487577.71,31.94,9,0,Candidate B,"10D Breakout Convex OTM Debit Spread (W250, Off50)",7.6Y_SECONDARY
150000.0,0.01,294135.56,9.21,49987.04,16.99,9,0,Candidate B,"10D Breakout Convex OTM Debit Spread (W250, Off50)",7.6Y_SECONDARY
150000.0,0.02,313550.29,10.13,51187.4,16.33,9,0,Candidate B,"10D Breakout Convex OTM Debit Spread (W250, Off50)",7.6Y_SECONDARY
150000.0,0.03,347325.88,11.62,49987.04,14.39,9,0,Candidate B,"10D Breakout Convex OTM Debit Spread (W250, Off50)",7.6Y_SECONDARY
150000.0,0.05,993722.03,28.08,179917.06,18.11,9,0,Candidate B,"10D Breakout Convex OTM Debit Spread (W250, Off50)",7.6Y_SECONDARY
150000.0,0.08,1998929.49,40.35,556997.25,27.86,9,0,Candidate B,"10D Breakout Convex OTM Debit Spread (W250, Off50)",7.6Y_SECONDARY
150000.0,0.1,2297824.88,42.93,745053.11,32.42,9,0,Candidate B,"10D Breakout Convex OTM Debit Spread (W250, Off50)",7.6Y_SECONDARY
200000.0,0.01,344135.56,7.36,49987.04,14.53,9,0,Candidate B,"10D Breakout Convex OTM Debit Spread (W250, Off50)",7.6Y_SECONDARY
200000.0,0.02,417342.74,10.11,49987.04,11.98,9,0,Candidate B,"10D Breakout Convex OTM Debit Spread (W250, Off50)",7.6Y_SECONDARY
200000.0,0.03,552531.23,14.23,82001.1,14.84,9,0,Candidate B,"10D Breakout Convex OTM Debit Spread (W250, Off50)",7.6Y_SECONDARY
200000.0,0.05,1045180.71,24.17,252799.73,24.19,9,0,Candidate B,"10D Breakout Convex OTM Debit Spread (W250, Off50)",7.6Y_SECONDARY
200000.0,0.08,1943747.8,34.67,564063.99,29.02,9,0,Candidate B,"10D Breakout Convex OTM Debit Spread (W250, Off50)",7.6Y_SECONDARY
200000.0,0.1,2298001.9,37.65,745053.11,32.42,9,0,Candidate B,"10D Breakout Convex OTM Debit Spread (W250, Off50)",7.6Y_SECONDARY
50000.0,0.01,140567.2,22.97,46972.47,33.42,7,0,Candidate C,10D Breakout Squeeze Debit Spread (W150),5Y_PRIMARY
50000.0,0.02,140567.2,22.97,46972.47,33.42,7,0,Candidate C,10D Breakout Squeeze Debit Spread (W150),5Y_PRIMARY
50000.0,0.03,144292.97,23.61,46972.47,32.55,7,0,Candidate C,10D Breakout Squeeze Debit Spread (W150),5Y_PRIMARY
50000.0,0.05,162572.92,26.59,46972.47,28.89,7,0,Candidate C,10D Breakout Squeeze Debit Spread (W150),5Y_PRIMARY
50000.0,0.08,193129.25,31.03,42690.4,22.1,7,0,Candidate C,10D Breakout Squeeze Debit Spread (W150),5Y_PRIMARY
50000.0,0.1,270207.39,40.13,82452.36,30.51,7,0,Candidate C,10D Breakout Squeeze Debit Spread (W150),5Y_PRIMARY
75000.0,0.01,165567.2,17.16,46972.47,28.37,7,0,Candidate C,10D Breakout Squeeze Debit Spread (W150),5Y_PRIMARY
75000.0,0.02,165567.2,17.16,46972.47,28.37,7,0,Candidate C,10D Breakout Squeeze Debit Spread (W150),5Y_PRIMARY
75000.0,0.03,170244.75,17.82,46972.47,27.59,7,0,Candidate C,10D Breakout Squeeze Debit Spread (W150),5Y_PRIMARY
75000.0,0.05,221034.11,24.13,41513.2,18.78,7,0,Candidate C,10D Breakout Squeeze Debit Spread (W150),5Y_PRIMARY
75000.0,0.08,348033.07,35.93,87444.17,25.13,7,0,Candidate C,10D Breakout Squeeze Debit Spread (W150),5Y_PRIMARY
75000.0,0.1,251503.42,27.38,82452.36,32.78,7,0,Candidate C,10D Breakout Squeeze Debit Spread (W150),5Y_PRIMARY
100000.0,0.01,190567.2,13.77,46972.47,24.65,7,0,Candidate C,10D Breakout Squeeze Debit Spread (W150),5Y_PRIMARY
100000.0,0.02,194292.97,14.21,46972.47,24.18,7,0,Candidate C,10D Breakout Squeeze Debit Spread (W150),5Y_PRIMARY
100000.0,0.03,208293.44,15.81,46972.47,22.55,7,0,Candidate C,10D Breakout Squeeze Debit Spread (W150),5Y_PRIMARY
100000.0,0.05,253327.39,20.43,48926.67,19.31,7,0,Candidate C,10D Breakout Squeeze Debit Spread (W150),5Y_PRIMARY
100000.0,0.08,445606.34,34.83,124852.3,28.02,7,0,Candidate C,10D Breakout Squeeze Debit Spread (W150),5Y_PRIMARY
100000.0,0.1,614539.54,43.78,195133.18,31.75,7,0,Candidate C,10D Breakout Squeeze Debit Spread (W150),5Y_PRIMARY
150000.0,0.01,240567.2,9.91,46972.47,19.53,7,0,Candidate C,10D Breakout Squeeze Debit Spread (W150),5Y_PRIMARY
150000.0,0.02,255704.24,11.26,46972.47,18.37,7,0,Candidate C,10D Breakout Squeeze Debit Spread (W150),5Y_PRIMARY
150000.0,0.03,266364.21,12.17,41513.2,15.59,7,0,Candidate C,10D Breakout Squeeze Debit Spread (W150),5Y_PRIMARY
150000.0,0.05,418392.5,22.77,102149.38,24.41,7,0,Candidate C,10D Breakout Squeeze Debit Spread (W150),5Y_PRIMARY
150000.0,0.08,739681.01,37.59,221522.75,29.95,7,0,Candidate C,10D Breakout Squeeze Debit Spread (W150),5Y_PRIMARY
150000.0,0.1,1005825.6,46.31,324427.98,32.25,7,0,Candidate C,10D Breakout Squeeze Debit Spread (W150),5Y_PRIMARY
200000.0,0.01,290567.2,7.76,46972.47,16.17,7,0,Candidate C,10D Breakout Squeeze Debit Spread (W150),5Y_PRIMARY
200000.0,0.02,303633.31,8.71,46972.47,15.47,7,0,Candidate C,10D Breakout Squeeze Debit Spread (W150),5Y_PRIMARY
200000.0,0.03,337081.21,11.0,48578.27,14.41,7,0,Candidate C,10D Breakout Squeeze Debit Spread (W150),5Y_PRIMARY
200000.0,0.05,621036.53,25.43,140543.17,22.63,7,0,Candidate C,10D Breakout Squeeze Debit Spread (W150),5Y_PRIMARY
200000.0,0.08,1009999.75,38.25,318796.48,31.56,7,0,Candidate C,10D Breakout Squeeze Debit Spread (W150),5Y_PRIMARY
200000.0,0.1,1244549.3,44.14,405174.91,32.56,7,0,Candidate C,10D Breakout Squeeze Debit Spread (W150),5Y_PRIMARY
50000.0,0.01,145118.64,14.97,46972.47,32.37,7,0,Candidate C,10D Breakout Squeeze Debit Spread (W150),7.6Y_SECONDARY
50000.0,0.02,145118.64,14.97,46972.47,32.37,7,0,Candidate C,10D Breakout Squeeze Debit Spread (W150),7.6Y_SECONDARY
50000.0,0.03,148844.41,15.35,46972.47,31.56,7,0,Candidate C,10D Breakout Squeeze Debit Spread (W150),7.6Y_SECONDARY
50000.0,0.05,169146.45,17.29,46972.47,27.77,7,0,Candidate C,10D Breakout Squeeze Debit Spread (W150),7.6Y_SECONDARY
50000.0,0.08,210006.15,20.66,56206.87,26.76,7,0,Candidate C,10D Breakout Squeeze Debit Spread (W150),7.6Y_SECONDARY
50000.0,0.1,270269.28,24.72,82452.36,30.51,7,0,Candidate C,10D Breakout Squeeze Debit Spread (W150),7.6Y_SECONDARY
75000.0,0.01,170118.64,11.32,46972.47,27.61,7,0,Candidate C,10D Breakout Squeeze Debit Spread (W150),7.6Y_SECONDARY
75000.0,0.02,170118.64,11.32,46972.47,27.61,7,0,Candidate C,10D Breakout Squeeze Debit Spread (W150),7.6Y_SECONDARY
75000.0,0.03,177364.1,11.93,46972.47,26.48,7,0,Candidate C,10D Breakout Squeeze Debit Spread (W150),7.6Y_SECONDARY
75000.0,0.05,222577.45,15.3,38709.74,17.39,7,0,Candidate C,10D Breakout Squeeze Debit Spread (W150),7.6Y_SECONDARY
75000.0,0.08,442283.42,26.14,124852.3,28.23,7,0,Candidate C,10D Breakout Squeeze Debit Spread (W150),7.6Y_SECONDARY
75000.0,0.1,612566.76,31.64,195978.62,31.99,7,0,Candidate C,10D Breakout Squeeze Debit Spread (W150),7.6Y_SECONDARY
100000.0,0.01,195118.64,9.14,46972.47,24.07,7,0,Candidate C,10D Breakout Squeeze Debit Spread (W150),7.6Y_SECONDARY
100000.0,0.02,199775.14,9.48,46972.47,23.51,7,0,Candidate C,10D Breakout Squeeze Debit Spread (W150),7.6Y_SECONDARY
100000.0,0.03,213664.72,10.45,46972.47,21.98,7,0,Candidate C,10D Breakout Squeeze Debit Spread (W150),7.6Y_SECONDARY
100000.0,0.05,253537.03,12.95,48926.67,19.3,7,0,Candidate C,10D Breakout Squeeze Debit Spread (W150),7.6Y_SECONDARY
100000.0,0.08,580565.54,25.89,180611.61,31.11,7,0,Candidate C,10D Breakout Squeeze Debit Spread (W150),7.6Y_SECONDARY
100000.0,0.1,624016.33,27.08,196147.55,31.43,7,0,Candidate C,10D Breakout Squeeze Debit Spread (W150),7.6Y_SECONDARY
150000.0,0.01,245118.64,6.64,46972.47,19.16,7,0,Candidate C,10D Breakout Squeeze Debit Spread (W150),7.6Y_SECONDARY
150000.0,0.02,260302.52,7.48,46972.47,18.05,7,0,Candidate C,10D Breakout Squeeze Debit Spread (W150),7.6Y_SECONDARY
150000.0,0.03,293406.89,9.18,41513.2,14.15,7,0,Candidate C,10D Breakout Squeeze Debit Spread (W150),7.6Y_SECONDARY
150000.0,0.05,417159.28,14.33,108080.01,25.91,7,0,Candidate C,10D Breakout Squeeze Debit Spread (W150),7.6Y_SECONDARY
150000.0,0.08,910974.44,26.63,272166.69,29.88,7,0,Candidate C,10D Breakout Squeeze Debit Spread (W150),7.6Y_SECONDARY
150000.0,0.1,1060039.94,29.17,332805.72,31.4,7,0,Candidate C,10D Breakout Squeeze Debit Spread (W150),7.6Y_SECONDARY
200000.0,0.01,296418.8,5.28,46972.47,15.85,7,0,Candidate C,10D Breakout Squeeze Debit Spread (W150),7.6Y_SECONDARY
200000.0,0.02,309484.91,5.88,46972.47,15.18,7,0,Candidate C,10D Breakout Squeeze Debit Spread (W150),7.6Y_SECONDARY
200000.0,0.03,390215.39,9.14,56206.87,14.4,7,0,Candidate C,10D Breakout Squeeze Debit Spread (W150),7.6Y_SECONDARY
200000.0,0.05,620727.18,15.98,140543.17,22.64,7,0,Candidate C,10D Breakout Squeeze Debit Spread (W150),7.6Y_SECONDARY
200000.0,0.08,971058.41,22.98,285722.56,29.42,7,0,Candidate C,10D Breakout Squeeze Debit Spread (W150),7.6Y_SECONDARY
200000.0,0.1,1297838.83,27.73,421357.64,32.47,7,0,Candidate C,10D Breakout Squeeze Debit Spread (W150),7.6Y_SECONDARY
