candidate_id,sess,expiry,type,engine_gross,manual_gross,discrepancy,engine_net
Candidate A,2021-09-23,2021-09-30,BULL_CALL,-4277.5,-4277.5,0.0,-4333.63
Candidate A,2021-10-08,2021-10-14,BULL_CALL,6187.5,6187.5,0.0,6087.48
Candidate A,2021-10-28,2021-11-03,BEAR_PUT,-2497.5,-2497.5,0.0,-2554.95
Candidate A,2021-11-12,2021-11-18,BULL_CALL,-4225.0,-4225.0,0.0,-4278.28
Candidate A,2021-11-18,2021-11-25,BEAR_PUT,6870.0,6870.0,0.0,6796.97
Candidate A,2021-11-26,2021-12-02,BEAR_PUT,-3502.5,-3502.5,0.0,-3560.94
Candidate A,2021-12-06,2021-12-09,BEAR_PUT,-3205.0,-3205.0,0.0,-3258.98
Candidate A,2021-12-20,2021-12-23,BEAR_PUT,-2962.5,-2962.5,0.0,-3017.66
Candidate A,2021-12-31,2022-01-06,BULL_CALL,5695.0,5695.0,0.0,5598.87
Candidate A,2022-01-10,2022-01-13,BULL_CALL,6062.5,6062.5,0.0,5983.84
Candidate A,2022-01-17,2022-01-20,BULL_CALL,-4010.0,-4010.0,0.0,-4062.77
Candidate A,2022-01-21,2022-01-27,BEAR_PUT,6745.0,6745.0,0.0,6635.5
Candidate A,2022-01-27,2022-02-03,BEAR_PUT,-4002.5,-4002.5,0.0,-4067.24
Candidate A,2022-02-14,2022-02-17,BEAR_PUT,-3560.0,-3560.0,0.0,-3619.11
Candidate A,2022-03-29,2022-03-31,BULL_CALL,2070.0,2070.0,0.0,2007.65
Candidate A,2022-04-01,2022-04-07,BULL_CALL,-4462.5,-4462.5,0.0,-4517.8
Candidate A,2022-04-18,2022-04-21,BEAR_PUT,-3100.0,-3100.0,0.0,-3153.33
Candidate A,2022-04-25,2022-04-28,BEAR_PUT,-3500.0,-3500.0,0.0,-3555.63
Candidate A,2022-05-06,2022-05-12,BEAR_PUT,6380.0,6380.0,0.0,6255.05
Candidate A,2022-05-27,2022-06-02,BULL_CALL,5757.5,5757.5,0.0,5673.49
Candidate A,2022-06-10,2022-06-16,BEAR_PUT,6352.5,6352.5,0.0,6200.26
Candidate A,2022-06-27,2022-06-30,BULL_CALL,-3700.0,-3700.0,0.0,-3753.51
Candidate A,2022-07-18,2022-07-21,BULL_CALL,6635.0,6635.0,0.0,6552.64
Candidate A,2022-07-28,2022-08-04,BULL_CALL,6222.5,6222.5,0.0,6121.05
Candidate A,2022-08-05,2022-08-11,BULL_CALL,5810.0,5810.0,0.0,5729.57
Candidate A,2022-08-29,2022-09-01,BEAR_PUT,-3290.0,-3290.0,0.0,-3343.67
Candidate A,2022-09-08,2022-09-15,BULL_CALL,-420.0,-420.0,0.0,-483.61
Candidate A,2022-09-16,2022-09-22,BEAR_PUT,-3905.0,-3905.0,0.0,-3962.6
Candidate A,2022-09-23,2022-09-29,BEAR_PUT,5917.5,5917.5,0.0,5799.29
Candidate A,2022-10-18,2022-10-20,BULL_CALL,-260.0,-260.0,0.0,-316.74
Candidate A,2022-10-27,2022-11-03,BULL_CALL,5847.5,5847.5,0.0,5761.59
Candidate A,2022-11-07,2022-11-10,BULL_CALL,-3607.5,-3607.5,0.0,-3658.68
Candidate A,2022-11-11,2022-11-17,BULL_CALL,-4197.5,-4197.5,0.0,-4250.73
Candidate A,2022-11-24,2022-12-01,BULL_CALL,6020.0,6020.0,0.0,5935.31
Candidate A,2022-12-09,2022-12-15,BEAR_PUT,1245.0,1245.0,0.0,1185.58
Candidate A,2022-12-15,2022-12-22,BEAR_PUT,6952.5,6952.5,0.0,6872.42
Candidate A,2023-01-12,2023-01-19,BEAR_PUT,-3360.0,-3360.0,0.0,-3414.5
Candidate A,2023-01-27,2023-02-02,BEAR_PUT,-3690.0,-3690.0,0.0,-3748.28
Candidate A,2023-02-09,2023-02-16,BULL_CALL,2685.0,2685.0,0.0,2619.09
Candidate A,2023-03-13,2023-03-16,BEAR_PUT,5035.0,5035.0,0.0,4966.56
Candidate A,2023-03-24,2023-03-29,BEAR_PUT,-3175.0,-3175.0,0.0,-3228.12
Candidate A,2023-03-31,2023-04-06,BULL_CALL,6017.5,6017.5,0.0,5941.09
Candidate A,2023-04-27,2023-05-04,BULL_CALL,5935.0,5935.0,0.0,5845.7
Candidate A,2023-05-04,2023-05-11,BULL_CALL,-1252.5,-1252.5,0.0,-1308.53
Candidate A,2023-05-15,2023-05-18,BULL_CALL,-3270.0,-3270.0,0.0,-3320.12
Candidate A,2023-05-26,2023-06-01,BULL_CALL,-3660.0,-3660.0,0.0,-3711.08
Candidate A,2023-06-16,2023-06-22,BULL_CALL,-3547.5,-3547.5,0.0,-3598.19
Candidate A,2023-07-14,2023-07-20,BULL_CALL,6362.5,6362.5,0.0,6265.07
Candidate A,2023-08-17,2023-08-24,BEAR_PUT,-2900.0,-2900.0,0.0,-2951.61
Candidate A,2023-08-25,2023-08-31,BEAR_PUT,-3087.5,-3087.5,0.0,-3139.2
Candidate A,2023-08-31,2023-09-07,BEAR_PUT,-1982.5,-1982.5,0.0,-2033.13
Candidate A,2023-09-22,2023-09-28,BEAR_PUT,4002.5,4002.5,0.0,3940.35
Candidate A,2023-09-28,2023-10-05,BEAR_PUT,-2435.0,-2435.0,0.0,-2486.96
Candidate A,2023-10-17,2023-10-19,BULL_CALL,-3232.5,-3232.5,0.0,-3282.53
Candidate A,2023-10-23,2023-10-26,BEAR_PUT,6400.0,6400.0,0.0,6299.93
Candidate A,2023-11-13,2023-11-16,BULL_CALL,7150.0,7150.0,0.0,7067.88
Candidate A,2023-11-21,2023-11-23,BULL_CALL,-2680.0,-2680.0,0.0,-2729.98
Candidate A,2023-11-28,2023-11-30,BULL_CALL,6357.5,6357.5,0.0,6284.9
Candidate A,2023-12-08,2023-12-14,BULL_CALL,5685.0,5685.0,0.0,5607.98
Candidate A,2023-12-14,2023-12-21,BULL_CALL,-2005.0,-2005.0,0.0,-2066.38
Candidate A,2024-01-12,2024-01-18,BULL_CALL,-4437.5,-4437.5,0.0,-4492.56
Candidate A,2024-01-18,2024-01-25,BEAR_PUT,1677.5,1677.5,0.0,1613.26
Candidate A,2024-02-02,2024-02-08,BULL_CALL,-4502.5,-4502.5,0.0,-4560.16
Candidate A,2024-02-16,2024-02-22,BULL_CALL,4047.5,4047.5,0.0,3975.91
Candidate A,2024-02-22,2024-02-29,BULL_CALL,-4685.0,-4685.0,0.0,-4743.71
Candidate A,2024-03-01,2024-03-07,BULL_CALL,2612.5,2612.5,0.0,2542.79
Candidate A,2024-03-19,2024-03-21,BEAR_PUT,-3140.0,-3140.0,0.0,-3191.81
Candidate A,2024-03-28,2024-04-04,BULL_CALL,3725.0,3725.0,0.0,3654.0
Candidate A,2024-04-04,2024-04-10,BULL_CALL,5370.0,5370.0,0.0,5289.28
Candidate A,2024-04-10,2024-04-18,BULL_CALL,-4320.0,-4320.0,0.0,-4374.94
Candidate A,2024-04-29,2024-05-02,BULL_CALL,-2156.25,-2156.25,0.0,-2205.93
Candidate A,2024-05-02,2024-05-09,BULL_CALL,-2541.25,-2541.25,0.0,-2593.72
Candidate A,2024-05-09,2024-05-16,BEAR_PUT,-1616.25,-1616.25,0.0,-1667.97
Candidate A,2024-05-21,2024-05-23,BULL_CALL,3227.5,3227.5,0.0,3155.67
Candidate A,2024-06-04,2024-06-06,BEAR_PUT,-2098.75,-2098.75,0.0,-2159.38
Candidate A,2024-06-07,2024-06-13,BULL_CALL,140.0,140.0,0.0,81.45
Candidate A,2024-06-20,2024-06-27,BULL_CALL,2693.75,2693.75,0.0,2614.88
Candidate A,2024-07-01,2024-07-04,BULL_CALL,1773.75,1773.75,0.0,1716.34
Candidate A,2024-07-09,2024-07-11,BULL_CALL,-1697.5,-1697.5,0.0,-1746.42
Candidate A,2024-07-12,2024-07-18,BULL_CALL,2877.5,2877.5,0.0,2811.63
Candidate A,2024-07-26,2024-08-01,BULL_CALL,1792.5,1792.5,0.0,1733.89
Candidate A,2024-08-05,2024-08-08,BEAR_PUT,-1465.0,-1465.0,0.0,-1519.52
Candidate A,2024-08-20,2024-08-22,BULL_CALL,1165.0,1165.0,0.0,1110.94
Candidate A,2024-09-12,2024-09-19,BULL_CALL,-1347.5,-1347.5,0.0,-1398.77
Candidate A,2024-09-20,2024-09-26,BULL_CALL,3123.75,3123.75,0.0,3051.17
Candidate A,2024-10-03,2024-10-10,BEAR_PUT,3570.0,3570.0,0.0,3504.94
Candidate A,2024-10-17,2024-10-24,BEAR_PUT,3443.75,3443.75,0.0,3373.08
Candidate A,2024-11-04,2024-11-07,BEAR_PUT,-1961.25,-1961.25,0.0,-2016.07
Candidate A,2024-11-12,2024-11-14,BEAR_PUT,3272.5,3272.5,0.0,3202.84
Candidate A,2024-11-21,2024-11-28,BEAR_PUT,-1900.0,-1900.0,0.0,-1954.84
Candidate A,2024-12-02,2024-12-05,BULL_CALL,2721.25,2721.25,0.0,2647.08
Candidate A,2024-12-13,2024-12-19,BULL_CALL,-2115.0,-2115.0,0.0,-2167.29
Candidate A,2025-01-09,2025-01-16,BEAR_PUT,9678.75,9678.75,0.0,9578.85
Candidate A,2025-01-21,2025-01-23,BEAR_PUT,-3948.75,-3948.75,0.0,-4004.55
Candidate A,2025-01-27,2025-01-30,BEAR_PUT,-1927.5,-1927.5,0.0,-1980.21
Candidate A,2025-01-31,2025-02-06,BULL_CALL,-127.5,-127.5,0.0,-223.15
Candidate A,2025-02-20,2025-02-27,BEAR_PUT,9802.5,9802.5,0.0,9683.91
Candidate A,2025-03-18,2025-03-20,BULL_CALL,9483.75,9483.75,0.0,9376.94
Candidate A,2025-04-04,2025-04-09,BEAR_PUT,9423.75,9423.75,0.0,9281.53
Candidate A,2025-04-17,2025-04-24,BULL_CALL,8340.0,8340.0,0.0,8208.33
Candidate A,2025-05-02,2025-05-08,BULL_CALL,-6333.75,-6333.75,0.0,-6397.4
Candidate A,2025-05-09,2025-05-15,BEAR_PUT,-4972.5,-4972.5,0.0,-5051.45
Candidate A,2025-05-15,2025-05-22,BULL_CALL,-6656.25,-6656.25,0.0,-6725.05
Candidate A,2025-06-03,2025-06-05,BEAR_PUT,-5231.25,-5231.25,0.0,-5290.28
Candidate A,2025-06-06,2025-06-12,BULL_CALL,-6727.5,-6727.5,0.0,-6794.28
Candidate A,2025-07-10,2025-07-17,BEAR_PUT,10020.0,10020.0,0.0,9925.81
Candidate A,2025-07-18,2025-07-24,BEAR_PUT,-4110.0,-4110.0,0.0,-4166.64
Candidate A,2025-07-25,2025-07-31,BEAR_PUT,855.0,855.0,0.0,785.1
Candidate A,2025-08-01,2025-08-07,BEAR_PUT,-5212.5,-5212.5,0.0,-5274.45
Candidate A,2025-08-08,2025-08-14,BEAR_PUT,-4376.25,-4376.25,0.0,-4434.19
Candidate A,2025-08-18,2025-08-21,BULL_CALL,7597.5,7597.5,0.0,7513.4
Candidate A,2025-08-29,2025-09-02,BEAR_PUT,-4215.0,-4215.0,0.0,-4268.74
Candidate A,2025-09-10,2025-09-16,BULL_CALL,8055.0,8055.0,0.0,7950.6
Candidate A,2025-09-16,2025-09-23,BULL_CALL,-6667.5,-6667.5,0.0,-6728.82
Candidate A,2025-09-25,2025-09-30,BEAR_PUT,11580.0,11580.0,0.0,11483.3
Candidate A,2025-10-09,2025-10-14,BULL_CALL,-5227.5,-5227.5,0.0,-5281.51
Candidate A,2025-10-15,2025-10-20,BULL_CALL,7226.25,7226.25,0.0,7075.7
Candidate A,2025-10-29,2025-11-04,BULL_CALL,-7406.25,-7406.25,0.0,-7473.17
Candidate A,2025-11-04,2025-11-11,BEAR_PUT,-5066.25,-5066.25,0.0,-5126.28
Candidate A,2025-11-14,2025-11-18,BULL_CALL,-4590.0,-4590.0,0.0,-4648.68
Candidate A,2025-11-19,2025-11-25,BULL_CALL,-6506.25,-6506.25,0.0,-6568.74
Candidate A,2025-11-26,2025-12-02,BULL_CALL,-6592.5,-6592.5,0.0,-6653.52
Candidate A,2025-12-09,2025-12-16,BEAR_PUT,-5092.5,-5092.5,0.0,-5151.27
Candidate A,2026-01-02,2026-01-06,BULL_CALL,-3100.5,-3100.5,0.0,-3150.66
Candidate A,2026-01-08,2026-01-13,BEAR_PUT,7049.25,7049.25,0.0,6975.64
Candidate A,2026-01-14,2026-01-20,BEAR_PUT,8918.0,8918.0,0.0,8803.46
Candidate A,2026-02-03,2026-02-10,BULL_CALL,6613.75,6613.75,0.0,6525.06
Candidate A,2026-02-19,2026-02-24,BEAR_PUT,-2600.0,-2600.0,0.0,-2663.4
Candidate A,2026-02-24,2026-03-02,BEAR_PUT,8771.75,8771.75,0.0,8632.98
Candidate A,2026-03-06,2026-03-10,BEAR_PUT,7345.0,7345.0,0.0,7250.2
Candidate A,2026-03-11,2026-03-17,BEAR_PUT,8105.5,8105.5,0.0,7991.63
Candidate A,2026-03-19,2026-03-24,BEAR_PUT,845.0,845.0,0.0,758.48
Candidate A,2026-04-15,2026-04-21,BULL_CALL,7020.0,7020.0,0.0,6908.13
Candidate A,2026-05-29,2026-06-02,BEAR_PUT,1345.5,1345.5,0.0,1284.11
Candidate A,2026-06-05,2026-06-09,BEAR_PUT,2821.0,2821.0,0.0,2752.16
Candidate A,2026-06-12,2026-06-16,BULL_CALL,7159.75,7159.75,0.0,7044.04
Candidate A,2026-07-02,2026-07-07,BULL_CALL,7978.75,7978.75,0.0,7900.06
Candidate A,2026-07-23,2026-07-28,BEAR_PUT,-4368.0,-4368.0,0.0,-4424.94
Candidate A,2026-07-31,2026-08-04,BULL_CALL,8901.75,8901.75,0.0,8823.58
Candidate A,2026-08-14,2026-08-18,BEAR_PUT,10123.75,10123.75,0.0,10049.84
Candidate A,2026-09-01,2026-09-08,BEAR_PUT,7543.25,7543.25,0.0,7424.62
Candidate B,2021-09-23,2021-09-30,BULL_CALL,-4292.5,-4292.5,0.0,-4346.18
Candidate B,2021-10-08,2021-10-14,BULL_CALL,9072.5,9072.5,0.0,8981.85
Candidate B,2021-10-28,2021-11-03,BEAR_PUT,-3327.5,-3327.5,0.0,-3381.39
Candidate B,2021-11-12,2021-11-18,BULL_CALL,-3900.0,-3900.0,0.0,-3951.27
Candidate B,2021-11-18,2021-11-25,BEAR_PUT,5362.5,5362.5,0.0,5296.2
Candidate B,2021-11-26,2021-12-02,BEAR_PUT,-3772.5,-3772.5,0.0,-3828.95
Candidate B,2021-12-06,2021-12-09,BEAR_PUT,-3080.0,-3080.0,0.0,-3132.28
Candidate B,2021-12-20,2021-12-23,BEAR_PUT,-2885.0,-2885.0,0.0,-2938.57
Candidate B,2021-12-31,2022-01-06,BULL_CALL,8445.0,8445.0,0.0,8358.63
Candidate B,2022-01-10,2022-01-13,BULL_CALL,6737.5,6737.5,0.0,6667.11
Candidate B,2022-01-17,2022-01-20,BULL_CALL,-3625.0,-3625.0,0.0,-3675.84
Candidate B,2022-01-21,2022-01-27,BEAR_PUT,9022.5,9022.5,0.0,8922.42
Candidate B,2022-01-27,2022-02-03,BEAR_PUT,-4717.5,-4717.5,0.0,-4779.66
Candidate B,2022-02-14,2022-02-17,BEAR_PUT,-3717.5,-3717.5,0.0,-3774.57
Candidate B,2022-03-29,2022-03-31,BULL_CALL,137.5,137.5,0.0,81.38
Candidate B,2022-04-01,2022-04-07,BULL_CALL,-4537.5,-4537.5,0.0,-4590.47
Candidate B,2022-04-18,2022-04-21,BEAR_PUT,-2947.5,-2947.5,0.0,-2999.13
Candidate B,2022-04-25,2022-04-28,BEAR_PUT,-3557.5,-3557.5,0.0,-3611.14
Candidate B,2022-05-06,2022-05-12,BEAR_PUT,8702.5,8702.5,0.0,8587.29
Candidate B,2022-05-27,2022-06-02,BULL_CALL,7120.0,7120.0,0.0,7045.28
Candidate B,2022-06-10,2022-06-16,BEAR_PUT,8770.0,8770.0,0.0,8627.37
Candidate B,2022-06-27,2022-06-30,BULL_CALL,-3550.0,-3550.0,0.0,-3601.55
Candidate B,2022-07-18,2022-07-21,BULL_CALL,9640.0,9640.0,0.0,9566.69
Candidate B,2022-07-28,2022-08-04,BULL_CALL,8670.0,8670.0,0.0,8578.31
Candidate B,2022-08-05,2022-08-11,BULL_CALL,6302.5,6302.5,0.0,6230.63
Candidate B,2022-08-29,2022-09-01,BEAR_PUT,-3160.0,-3160.0,0.0,-3211.95
Candidate B,2022-09-08,2022-09-15,BULL_CALL,-3105.0,-3105.0,0.0,-3161.53
Candidate B,2022-09-16,2022-09-22,BEAR_PUT,-4077.5,-4077.5,0.0,-4132.83
Candidate B,2022-09-23,2022-09-29,BEAR_PUT,8117.5,8117.5,0.0,8009.35
Candidate B,2022-10-18,2022-10-20,BULL_CALL,-2070.0,-2070.0,0.0,-2120.73
Candidate B,2022-10-27,2022-11-03,BULL_CALL,8362.5,8362.5,0.0,8286.43
Candidate B,2022-11-07,2022-11-10,BULL_CALL,-2952.5,-2952.5,0.0,-3002.2
Candidate B,2022-11-11,2022-11-17,BULL_CALL,-3875.0,-3875.0,0.0,-3926.16
Candidate B,2022-11-24,2022-12-01,BULL_CALL,8990.0,8990.0,0.0,8914.7
Candidate B,2022-12-09,2022-12-15,BEAR_PUT,-867.5,-867.5,0.0,-920.92
Candidate B,2022-12-15,2022-12-22,BEAR_PUT,8272.5,8272.5,0.0,8200.73
Candidate B,2023-01-12,2023-01-19,BEAR_PUT,-3330.0,-3330.0,0.0,-3382.64
Candidate B,2023-01-27,2023-02-02,BEAR_PUT,-3870.0,-3870.0,0.0,-3926.25
Candidate B,2023-02-09,2023-02-16,BULL_CALL,445.0,445.0,0.0,385.72
Candidate B,2023-03-13,2023-03-16,BEAR_PUT,2657.5,2657.5,0.0,2595.32
Candidate B,2023-03-24,2023-03-29,BEAR_PUT,-2995.0,-2995.0,0.0,-3046.53
Candidate B,2023-03-31,2023-04-06,BULL_CALL,6490.0,6490.0,0.0,6421.44
Candidate B,2023-04-27,2023-05-04,BULL_CALL,9022.5,9022.5,0.0,8942.51
Candidate B,2023-05-04,2023-05-11,BULL_CALL,-3097.5,-3097.5,0.0,-3147.6
Candidate B,2023-05-15,2023-05-18,BULL_CALL,-2397.5,-2397.5,0.0,-2446.45
Candidate B,2023-05-26,2023-06-01,BULL_CALL,-2937.5,-2937.5,0.0,-2987.09
Candidate B,2023-06-16,2023-06-22,BULL_CALL,-2682.5,-2682.5,0.0,-2731.84
Candidate B,2023-07-14,2023-07-20,BULL_CALL,9472.5,9472.5,0.0,9384.05
Candidate B,2023-08-17,2023-08-24,BEAR_PUT,-2530.0,-2530.0,0.0,-2580.24
Candidate B,2023-08-25,2023-08-31,BEAR_PUT,-2717.5,-2717.5,0.0,-2767.76
Candidate B,2023-08-31,2023-09-07,BEAR_PUT,-1805.0,-1805.0,0.0,-1854.68
Candidate B,2023-09-22,2023-09-28,BEAR_PUT,1885.0,1885.0,0.0,1828.48
Candidate B,2023-09-28,2023-10-05,BEAR_PUT,-2202.5,-2202.5,0.0,-2253.21
Candidate B,2023-10-17,2023-10-19,BULL_CALL,-2300.0,-2300.0,0.0,-2348.9
Candidate B,2023-10-23,2023-10-26,BEAR_PUT,9330.0,9330.0,0.0,9239.14
Candidate B,2023-11-13,2023-11-16,BULL_CALL,10582.5,10582.5,0.0,10508.96
Candidate B,2023-11-21,2023-11-23,BULL_CALL,-1970.0,-1970.0,0.0,-2018.74
Candidate B,2023-11-28,2023-11-30,BULL_CALL,6647.5,6647.5,0.0,6581.73
Candidate B,2023-12-08,2023-12-14,BULL_CALL,5072.5,5072.5,0.0,5003.27
Candidate B,2023-12-14,2023-12-21,BULL_CALL,-4385.0,-4385.0,0.0,-4439.31
Candidate B,2024-01-12,2024-01-18,BULL_CALL,-4292.5,-4292.5,0.0,-4345.22
Candidate B,2024-01-18,2024-01-25,BEAR_PUT,-830.0,-830.0,0.0,-887.8
Candidate B,2024-02-02,2024-02-08,BULL_CALL,-4642.5,-4642.5,0.0,-4697.54
Candidate B,2024-02-16,2024-02-22,BULL_CALL,1495.0,1495.0,0.0,1430.41
Candidate B,2024-02-22,2024-02-29,BULL_CALL,-5097.5,-5097.5,0.0,-5153.46
Candidate B,2024-03-01,2024-03-07,BULL_CALL,12.5,12.5,0.0,-50.02
Candidate B,2024-03-19,2024-03-21,BEAR_PUT,-2780.0,-2780.0,0.0,-2830.3
Candidate B,2024-03-28,2024-04-04,BULL_CALL,1110.0,1110.0,0.0,1046.12
Candidate B,2024-04-04,2024-04-10,BULL_CALL,5572.5,5572.5,0.0,5500.48
Candidate B,2024-04-10,2024-04-18,BULL_CALL,-4230.0,-4230.0,0.0,-4282.6
Candidate B,2024-04-29,2024-05-02,BULL_CALL,-1817.5,-1817.5,0.0,-1866.29
Candidate B,2024-05-02,2024-05-09,BULL_CALL,-2613.75,-2613.75,0.0,-2664.76
Candidate B,2024-05-09,2024-05-16,BEAR_PUT,-1686.25,-1686.25,0.0,-1737.07
Candidate B,2024-05-21,2024-05-23,BULL_CALL,4743.75,4743.75,0.0,4676.5
Candidate B,2024-06-04,2024-06-06,BEAR_PUT,-2741.25,-2741.25,0.0,-2799.96
Candidate B,2024-06-07,2024-06-13,BULL_CALL,-1297.5,-1297.5,0.0,-1352.32
Candidate B,2024-06-20,2024-06-27,BULL_CALL,3923.75,3923.75,0.0,3849.93
Candidate B,2024-07-01,2024-07-04,BULL_CALL,656.25,656.25,0.0,602.15
Candidate B,2024-07-09,2024-07-11,BULL_CALL,-1315.0,-1315.0,0.0,-1363.23
Candidate B,2024-07-12,2024-07-18,BULL_CALL,4238.75,4238.75,0.0,4177.72
Candidate B,2024-07-26,2024-08-01,BULL_CALL,563.75,563.75,0.0,508.66
Candidate B,2024-08-05,2024-08-08,BEAR_PUT,-1541.25,-1541.25,0.0,-1594.86
Candidate B,2024-08-20,2024-08-22,BULL_CALL,241.25,241.25,0.0,190.14
Candidate B,2024-09-12,2024-09-19,BULL_CALL,-1597.5,-1597.5,0.0,-1647.1
Candidate B,2024-09-20,2024-09-26,BULL_CALL,4501.25,4501.25,0.0,4433.41
Candidate B,2024-10-03,2024-10-10,BEAR_PUT,3553.75,3553.75,0.0,3492.81
Candidate B,2024-10-17,2024-10-24,BEAR_PUT,4643.75,4643.75,0.0,4577.94
Candidate B,2024-11-04,2024-11-07,BEAR_PUT,-2133.75,-2133.75,0.0,-2187.1
Candidate B,2024-11-12,2024-11-14,BEAR_PUT,4632.5,4632.5,0.0,4567.58
Candidate B,2024-11-21,2024-11-28,BEAR_PUT,-2005.0,-2005.0,0.0,-2058.47
Candidate B,2024-12-02,2024-12-05,BULL_CALL,3935.0,3935.0,0.0,3866.15
Candidate B,2024-12-13,2024-12-19,BULL_CALL,-2181.25,-2181.25,0.0,-2232.11
Candidate B,2025-01-09,2025-01-16,BEAR_PUT,8478.75,8478.75,0.0,8391.3
Candidate B,2025-01-21,2025-01-23,BEAR_PUT,-3742.5,-3742.5,0.0,-3795.82
Candidate B,2025-01-27,2025-01-30,BEAR_PUT,-1963.75,-1963.75,0.0,-2015.12
Candidate B,2025-01-31,2025-02-06,BULL_CALL,-4897.5,-4897.5,0.0,-4979.96
Candidate B,2025-02-20,2025-02-27,BEAR_PUT,13376.25,13376.25,0.0,13272.69
Candidate B,2025-03-18,2025-03-20,BULL_CALL,14313.75,14313.75,0.0,14220.76
Candidate B,2025-04-04,2025-04-09,BEAR_PUT,13440.0,13440.0,0.0,13312.56
Candidate B,2025-04-17,2025-04-24,BULL_CALL,11733.75,11733.75,0.0,11618.24
Candidate B,2025-05-02,2025-05-08,BULL_CALL,-6416.25,-6416.25,0.0,-6475.67
Candidate B,2025-05-09,2025-05-15,BEAR_PUT,-5407.5,-5407.5,0.0,-5482.72
Candidate B,2025-05-15,2025-05-22,BULL_CALL,-7061.25,-7061.25,0.0,-7125.17
Candidate B,2025-06-03,2025-06-05,BEAR_PUT,-5043.75,-5043.75,0.0,-5099.48
Candidate B,2025-06-06,2025-06-12,BULL_CALL,-7140.0,-7140.0,0.0,-7201.88
Candidate B,2025-07-10,2025-07-17,BEAR_PUT,9330.0,9330.0,0.0,9247.65
Candidate B,2025-07-18,2025-07-24,BEAR_PUT,-3795.0,-3795.0,0.0,-3849.12
Candidate B,2025-07-25,2025-07-31,BEAR_PUT,-2512.5,-2512.5,0.0,-2572.33
Candidate B,2025-08-01,2025-08-07,BEAR_PUT,-5107.5,-5107.5,0.0,-5166.0
Candidate B,2025-08-08,2025-08-14,BEAR_PUT,-4248.75,-4248.75,0.0,-4303.9
Candidate B,2025-08-18,2025-08-21,BULL_CALL,4282.5,4282.5,0.0,4208.95
Candidate B,2025-08-29,2025-09-02,BEAR_PUT,-3551.25,-3551.25,0.0,-3602.79
Candidate B,2025-09-10,2025-09-16,BULL_CALL,11325.0,11325.0,0.0,11235.68
Candidate B,2025-09-16,2025-09-23,BULL_CALL,-6446.25,-6446.25,0.0,-6503.21
Candidate B,2025-09-25,2025-09-30,BEAR_PUT,15041.25,15041.25,0.0,14957.2
Candidate B,2025-10-09,2025-10-14,BULL_CALL,-4218.75,-4218.75,0.0,-4270.23
Candidate B,2025-10-15,2025-10-20,BULL_CALL,11400.0,11400.0,0.0,11265.37
Candidate B,2025-10-29,2025-11-04,BULL_CALL,-7721.25,-7721.25,0.0,-7782.94
Candidate B,2025-11-04,2025-11-11,BEAR_PUT,-4980.0,-4980.0,0.0,-5036.68
Candidate B,2025-11-14,2025-11-18,BULL_CALL,-5088.75,-5088.75,0.0,-5142.9
Candidate B,2025-11-19,2025-11-25,BULL_CALL,-6577.5,-6577.5,0.0,-6635.59
Candidate B,2025-11-26,2025-12-02,BULL_CALL,-6453.75,-6453.75,0.0,-6510.53
Candidate B,2025-12-09,2025-12-16,BEAR_PUT,-4923.75,-4923.75,0.0,-4979.29
Candidate B,2026-01-02,2026-01-06,BULL_CALL,-2132.0,-2132.0,0.0,-2180.91
Candidate B,2026-01-08,2026-01-13,BEAR_PUT,4329.0,4329.0,0.0,4263.41
Candidate B,2026-01-14,2026-01-20,BEAR_PUT,12460.5,12460.5,0.0,12358.24
Candidate B,2026-02-03,2026-02-10,BULL_CALL,3064.75,3064.75,0.0,2986.1
Candidate B,2026-02-19,2026-02-24,BEAR_PUT,-4504.5,-4504.5,0.0,-4562.08
Candidate B,2026-02-24,2026-03-02,BEAR_PUT,11869.0,11869.0,0.0,11742.91
Candidate B,2026-03-06,2026-03-10,BEAR_PUT,3607.5,3607.5,0.0,3522.44
Candidate B,2026-03-11,2026-03-17,BEAR_PUT,8739.25,8739.25,0.0,8637.97
Candidate B,2026-03-19,2026-03-24,BEAR_PUT,-3217.5,-3217.5,0.0,-3294.49
Candidate B,2026-04-15,2026-04-21,BULL_CALL,9769.5,9769.5,0.0,9671.99
Candidate B,2026-05-29,2026-06-02,BEAR_PUT,-1735.5,-1735.5,0.0,-1789.07
Candidate B,2026-06-05,2026-06-09,BEAR_PUT,-256.75,-256.75,0.0,-317.01
Candidate B,2026-06-12,2026-06-16,BULL_CALL,10279.75,10279.75,0.0,10177.8
Candidate B,2026-07-02,2026-07-07,BULL_CALL,5213.0,5213.0,0.0,5143.04
Candidate B,2026-07-23,2026-07-28,BEAR_PUT,-4192.5,-4192.5,0.0,-4246.7
Candidate B,2026-07-31,2026-08-04,BULL_CALL,7533.5,7533.5,0.0,7463.75
Candidate B,2026-08-14,2026-08-18,BEAR_PUT,7491.25,7491.25,0.0,7424.49
Candidate B,2026-09-01,2026-09-08,BEAR_PUT,10816.0,10816.0,0.0,10710.86
Candidate C,2021-09-23,2021-09-30,BULL_CALL,-3435.0,-3435.0,0.0,-3492.15
Candidate C,2021-10-08,2021-10-14,BULL_CALL,4335.0,4335.0,0.0,4232.72
Candidate C,2021-10-28,2021-11-03,BEAR_PUT,-1665.0,-1665.0,0.0,-1723.46
Candidate C,2021-11-12,2021-11-18,BULL_CALL,-3457.5,-3457.5,0.0,-3511.72
Candidate C,2021-11-18,2021-11-25,BEAR_PUT,4915.0,4915.0,0.0,4839.83
Candidate C,2021-11-26,2021-12-02,BEAR_PUT,-2720.0,-2720.0,0.0,-2779.39
Candidate C,2021-12-06,2021-12-09,BEAR_PUT,-2617.5,-2617.5,0.0,-2672.2
Candidate C,2021-12-20,2021-12-23,BEAR_PUT,-2380.0,-2380.0,0.0,-2435.87
Candidate C,2021-12-31,2022-01-06,BULL_CALL,3997.5,3997.5,0.0,3898.92
Candidate C,2022-01-10,2022-01-13,BULL_CALL,4262.5,4262.5,0.0,4181.51
Candidate C,2022-01-17,2022-01-20,BULL_CALL,-3317.5,-3317.5,0.0,-3371.11
Candidate C,2022-01-21,2022-01-27,BEAR_PUT,4820.0,4820.0,0.0,4708.32
Candidate C,2022-01-27,2022-02-03,BEAR_PUT,-3077.5,-3077.5,0.0,-3143.37
Candidate C,2022-02-14,2022-02-17,BEAR_PUT,-2825.0,-2825.0,0.0,-2885.01
Candidate C,2022-03-29,2022-03-31,BULL_CALL,2680.0,2680.0,0.0,2616.91
Candidate C,2022-04-01,2022-04-07,BULL_CALL,-3530.0,-3530.0,0.0,-3586.44
Candidate C,2022-04-18,2022-04-21,BEAR_PUT,-2530.0,-2530.0,0.0,-2584.03
Candidate C,2022-04-25,2022-04-28,BEAR_PUT,-2847.5,-2847.5,0.0,-2903.92
Candidate C,2022-05-06,2022-05-12,BEAR_PUT,4660.0,4660.0,0.0,4532.62
Candidate C,2022-05-27,2022-06-02,BULL_CALL,4125.0,4125.0,0.0,4038.45
Candidate C,2022-06-10,2022-06-16,BEAR_PUT,4582.5,4582.5,0.0,4427.9
Candidate C,2022-06-27,2022-06-30,BULL_CALL,-3012.5,-3012.5,0.0,-3066.85
Candidate C,2022-07-18,2022-07-21,BULL_CALL,4662.5,4662.5,0.0,4578.02
Candidate C,2022-07-28,2022-08-04,BULL_CALL,4402.5,4402.5,0.0,4298.74
Candidate C,2022-08-05,2022-08-11,BULL_CALL,4155.0,4155.0,0.0,4072.06
Candidate C,2022-08-29,2022-09-01,BEAR_PUT,-2660.0,-2660.0,0.0,-2714.43
Candidate C,2022-09-08,2022-09-15,BULL_CALL,457.5,457.5,0.0,392.82
Candidate C,2022-09-16,2022-09-22,BEAR_PUT,-3140.0,-3140.0,0.0,-3198.53
Candidate C,2022-09-23,2022-09-29,BEAR_PUT,4275.0,4275.0,0.0,4154.27
Candidate C,2022-10-18,2022-10-20,BULL_CALL,255.0,255.0,0.0,197.63
Candidate C,2022-10-27,2022-11-03,BULL_CALL,4175.0,4175.0,0.0,4086.61
Candidate C,2022-11-07,2022-11-10,BULL_CALL,-3035.0,-3035.0,0.0,-3086.87
Candidate C,2022-11-11,2022-11-17,BULL_CALL,-3430.0,-3430.0,0.0,-3484.16
Candidate C,2022-11-24,2022-12-01,BULL_CALL,4112.5,4112.5,0.0,4025.61
Candidate C,2022-12-09,2022-12-15,BEAR_PUT,1732.5,1732.5,0.0,1672.49
Candidate C,2022-12-15,2022-12-22,BEAR_PUT,4922.5,4922.5,0.0,4840.37
Candidate C,2023-01-12,2023-01-19,BEAR_PUT,-2740.0,-2740.0,0.0,-2795.25
Candidate C,2023-01-27,2023-02-02,BEAR_PUT,-2882.5,-2882.5,0.0,-2941.77
Candidate C,2023-02-09,2023-02-16,BULL_CALL,3450.0,3450.0,0.0,3383.16
Candidate C,2023-03-13,2023-03-16,BEAR_PUT,4907.5,4907.5,0.0,4837.92
Candidate C,2023-03-24,2023-03-29,BEAR_PUT,-2547.5,-2547.5,0.0,-2601.38
Candidate C,2023-03-31,2023-04-06,BULL_CALL,4175.0,4175.0,0.0,4096.31
Candidate C,2023-04-27,2023-05-04,BULL_CALL,4085.0,4085.0,0.0,3993.43
Candidate C,2023-05-04,2023-05-11,BULL_CALL,-662.5,-662.5,0.0,-719.25
Candidate C,2023-05-15,2023-05-18,BULL_CALL,-2847.5,-2847.5,0.0,-2898.13
Candidate C,2023-05-26,2023-06-01,BULL_CALL,-3110.0,-3110.0,0.0,-3161.75
Candidate C,2023-06-16,2023-06-22,BULL_CALL,-3027.5,-3027.5,0.0,-3078.83
Candidate C,2023-07-14,2023-07-20,BULL_CALL,4467.5,4467.5,0.0,4367.86
Candidate C,2023-08-17,2023-08-24,BEAR_PUT,-2432.5,-2432.5,0.0,-2484.68
Candidate C,2023-08-25,2023-08-31,BEAR_PUT,-2535.0,-2535.0,0.0,-2587.37
Candidate C,2023-08-31,2023-09-07,BEAR_PUT,-1662.5,-1662.5,0.0,-1713.52
Candidate C,2023-09-22,2023-09-28,BEAR_PUT,4367.5,4367.5,0.0,4304.91
Candidate C,2023-09-28,2023-10-05,BEAR_PUT,-2027.5,-2027.5,0.0,-2079.95
Candidate C,2023-10-17,2023-10-19,BULL_CALL,-2837.5,-2837.5,0.0,-2888.02
Candidate C,2023-10-23,2023-10-26,BEAR_PUT,4465.0,4465.0,0.0,4362.76
Candidate C,2023-11-13,2023-11-16,BULL_CALL,4982.5,4982.5,0.0,4898.5
Candidate C,2023-11-21,2023-11-23,BULL_CALL,-2347.5,-2347.5,0.0,-2397.89
Candidate C,2023-11-28,2023-11-30,BULL_CALL,4285.0,4285.0,0.0,4210.41
Candidate C,2023-12-08,2023-12-14,BULL_CALL,3987.5,3987.5,0.0,3908.03
Candidate C,2023-12-14,2023-12-21,BULL_CALL,-1022.5,-1022.5,0.0,-1085.08
Candidate C,2024-01-12,2024-01-18,BULL_CALL,-3575.0,-3575.0,0.0,-3631.1
Candidate C,2024-01-18,2024-01-25,BEAR_PUT,2267.5,2267.5,0.0,2202.54
Candidate C,2024-02-02,2024-02-08,BULL_CALL,-3590.0,-3590.0,0.0,-3648.77
Candidate C,2024-02-16,2024-02-22,BULL_CALL,4040.0,4040.0,0.0,3966.85
Candidate C,2024-02-22,2024-02-29,BULL_CALL,-3712.5,-3712.5,0.0,-3772.39
Candidate C,2024-03-01,2024-03-07,BULL_CALL,3537.5,3537.5,0.0,3466.66
Candidate C,2024-03-19,2024-03-21,BEAR_PUT,-2612.5,-2612.5,0.0,-2664.95
Candidate C,2024-03-28,2024-04-04,BULL_CALL,3955.0,3955.0,0.0,3882.4
Candidate C,2024-04-04,2024-04-10,BULL_CALL,3812.5,3812.5,0.0,3729.16
Candidate C,2024-04-10,2024-04-18,BULL_CALL,-3492.5,-3492.5,0.0,-3548.45
Candidate C,2024-04-29,2024-05-02,BULL_CALL,-1801.25,-1801.25,0.0,-1851.36
Candidate C,2024-05-02,2024-05-09,BULL_CALL,-2022.5,-2022.5,0.0,-2075.6
Candidate C,2024-05-09,2024-05-16,BEAR_PUT,-1281.25,-1281.25,0.0,-1333.38
Candidate C,2024-05-21,2024-05-23,BULL_CALL,2270.0,2270.0,0.0,2197.08
Candidate C,2024-06-04,2024-06-06,BEAR_PUT,-1332.5,-1332.5,0.0,-1394.06
Candidate C,2024-06-07,2024-06-13,BULL_CALL,645.0,645.0,0.0,585.84
Candidate C,2024-06-20,2024-06-27,BULL_CALL,1910.0,1910.0,0.0,1829.82
Candidate C,2024-07-01,2024-07-04,BULL_CALL,2092.5,2092.5,0.0,2034.61
Candidate C,2024-07-09,2024-07-11,BULL_CALL,-1452.5,-1452.5,0.0,-1501.72
Candidate C,2024-07-12,2024-07-18,BULL_CALL,2041.25,2041.25,0.0,1974.14
Candidate C,2024-07-26,2024-08-01,BULL_CALL,1957.5,1957.5,0.0,1898.2
Candidate C,2024-08-05,2024-08-08,BEAR_PUT,-1162.5,-1162.5,0.0,-1217.38
Candidate C,2024-08-20,2024-08-22,BULL_CALL,1402.5,1402.5,0.0,1348.15
Candidate C,2024-09-12,2024-09-19,BULL_CALL,-1105.0,-1105.0,0.0,-1156.57
Candidate C,2024-09-20,2024-09-26,BULL_CALL,2186.25,2186.25,0.0,2112.55
Candidate C,2024-10-03,2024-10-10,BEAR_PUT,2583.75,2583.75,0.0,2517.54
Candidate C,2024-10-17,2024-10-24,BEAR_PUT,2497.5,2497.5,0.0,2425.61
Candidate C,2024-11-04,2024-11-07,BEAR_PUT,-1536.25,-1536.25,0.0,-1591.75
Candidate C,2024-11-12,2024-11-14,BEAR_PUT,2335.0,2335.0,0.0,2264.11
Candidate C,2024-11-21,2024-11-28,BEAR_PUT,-1498.75,-1498.75,0.0,-1554.23
Candidate C,2024-12-02,2024-12-05,BULL_CALL,1946.25,1946.25,0.0,1870.58
Candidate C,2024-12-13,2024-12-19,BULL_CALL,-1688.75,-1688.75,0.0,-1741.72
Candidate C,2025-01-09,2025-01-16,BEAR_PUT,7042.5,7042.5,0.0,6938.61
Candidate C,2025-01-21,2025-01-23,BEAR_PUT,-3270.0,-3270.0,0.0,-3326.88
Candidate C,2025-01-27,2025-01-30,BEAR_PUT,-1542.5,-1542.5,0.0,-1595.82
Candidate C,2025-01-31,2025-02-06,BULL_CALL,1665.0,1665.0,0.0,1566.5
Candidate C,2025-02-20,2025-02-27,BEAR_PUT,7140.0,7140.0,0.0,7017.46
Candidate C,2025-03-18,2025-03-20,BULL_CALL,6558.75,6558.75,0.0,6448.41
Candidate C,2025-04-04,2025-04-09,BEAR_PUT,6720.0,6720.0,0.0,6573.89
Candidate C,2025-04-17,2025-04-24,BULL_CALL,5973.75,5973.75,0.0,5837.66
Candidate C,2025-05-02,2025-05-08,BULL_CALL,-5141.25,-5141.25,0.0,-5206.8
Candidate C,2025-05-09,2025-05-15,BEAR_PUT,-3900.0,-3900.0,0.0,-3980.66
Candidate C,2025-05-15,2025-05-22,BULL_CALL,-5223.75,-5223.75,0.0,-5294.83
Candidate C,2025-06-03,2025-06-05,BEAR_PUT,-4245.0,-4245.0,0.0,-4305.6
Candidate C,2025-06-06,2025-06-12,BULL_CALL,-5310.0,-5310.0,0.0,-5379.03
Candidate C,2025-07-10,2025-07-17,BEAR_PUT,7230.0,7230.0,0.0,7132.06
Candidate C,2025-07-18,2025-07-24,BEAR_PUT,-3375.0,-3375.0,0.0,-3432.81
Candidate C,2025-07-25,2025-07-31,BEAR_PUT,1773.75,1773.75,0.0,1702.39
Candidate C,2025-08-01,2025-08-07,BEAR_PUT,-4128.75,-4128.75,0.0,-4192.43
Candidate C,2025-08-08,2025-08-14,BEAR_PUT,-3588.75,-3588.75,0.0,-3647.94
Candidate C,2025-08-18,2025-08-21,BULL_CALL,6187.5,6187.5,0.0,6100.12
Candidate C,2025-08-29,2025-09-02,BEAR_PUT,-3577.5,-3577.5,0.0,-3632.26
Candidate C,2025-09-10,2025-09-16,BULL_CALL,5613.75,5613.75,0.0,5505.05
Candidate C,2025-09-16,2025-09-23,BULL_CALL,-5415.0,-5415.0,0.0,-5478.32
Candidate C,2025-09-25,2025-09-30,BEAR_PUT,8362.5,8362.5,0.0,8262.73
Candidate C,2025-10-09,2025-10-14,BULL_CALL,-4451.25,-4451.25,0.0,-4506.49
Candidate C,2025-10-15,2025-10-20,BULL_CALL,4931.25,4931.25,0.0,4776.17
Candidate C,2025-10-29,2025-11-04,BULL_CALL,-5861.25,-5861.25,0.0,-5930.63
Candidate C,2025-11-04,2025-11-11,BEAR_PUT,-4098.75,-4098.75,0.0,-4160.32
Candidate C,2025-11-14,2025-11-18,BULL_CALL,-3630.0,-3630.0,0.0,-3690.2
Candidate C,2025-11-19,2025-11-25,BULL_CALL,-5178.75,-5178.75,0.0,-5243.35
Candidate C,2025-11-26,2025-12-02,BULL_CALL,-5317.5,-5317.5,0.0,-5380.55
Candidate C,2025-12-09,2025-12-16,BEAR_PUT,-4125.0,-4125.0,0.0,-4185.31
Candidate C,2026-01-02,2026-01-06,BULL_CALL,-2752.75,-2752.75,0.0,-2803.46
Candidate C,2026-01-08,2026-01-13,BEAR_PUT,6516.25,6516.25,0.0,6440.98
Candidate C,2026-01-14,2026-01-20,BEAR_PUT,6412.25,6412.25,0.0,6294.61
Candidate C,2026-02-03,2026-02-10,BULL_CALL,5463.25,5463.25,0.0,5371.4
Candidate C,2026-02-19,2026-02-24,BEAR_PUT,-1784.25,-1784.25,0.0,-1848.95
Candidate C,2026-02-24,2026-03-02,BEAR_PUT,6386.25,6386.25,0.0,6244.18
Candidate C,2026-03-06,2026-03-10,BEAR_PUT,5976.75,5976.75,0.0,5878.68
Candidate C,2026-03-11,2026-03-17,BEAR_PUT,5957.25,5957.25,0.0,5839.7
Candidate C,2026-03-19,2026-03-24,BEAR_PUT,2145.0,2145.0,0.0,2056.41
Candidate C,2026-04-15,2026-04-21,BULL_CALL,5044.0,5044.0,0.0,4928.18
Candidate C,2026-05-29,2026-06-02,BEAR_PUT,1894.75,1894.75,0.0,1832.48
Candidate C,2026-06-05,2026-06-09,BEAR_PUT,3604.25,3604.25,0.0,3534.16
Candidate C,2026-06-12,2026-06-16,BULL_CALL,5099.25,5099.25,0.0,4979.73
Candidate C,2026-07-02,2026-07-07,BULL_CALL,5687.5,5687.5,0.0,5605.55
Candidate C,2026-07-23,2026-07-28,BEAR_PUT,-3562.0,-3562.0,0.0,-3620.22
Candidate C,2026-07-31,2026-08-04,BULL_CALL,6246.5,6246.5,0.0,6165.47
Candidate C,2026-08-14,2026-08-18,BEAR_PUT,7543.25,7543.25,0.0,7467.05
Candidate C,2026-09-01,2026-09-08,BEAR_PUT,5323.5,5323.5,0.0,5201.31
