trade_id,sess,expiry,spot,settle,vix,rsi,em,short_call,long_call,short_put,long_put,fill_sc,fill_lc,fill_sp,fill_lp,credit_pts,max_risk,lot,gross,brokerage,stt,exchange_fees,gst,stamp_duty,sebi,slippage,total_costs,net,breach_side
31,2021-09-30,2021-10-07,17618.15,17790.35,18.84,68.66570975850259,388.49,18300.0,18500.0,16900.0,16700.0,7.13,4.51,12.86,7.32,8.16,9592.0,50,408.0,80.0,0.62,0.8,14.54,0.02,0.0,20.0,115.98,292.02,none
32,2021-10-07,2021-10-14,17790.35,18338.55,17.33,58.78552569165237,360.85,18450.0,18650.0,17150.0,16950.0,3.99,2.56,9.92,6.67,4.68,9766.0,50,234.0,80.0,0.43,0.58,14.5,0.01,0.0,20.0,115.53,118.47,none
33,2021-10-21,2021-10-28,18178.1,17857.25,18.31,67.01250186454476,389.56,18900.0,19100.0,17500.0,17300.0,7.43,5.22,13.96,7.62,8.55,9572.5,50,427.5,80.0,0.67,0.86,14.55,0.02,0.0,20.0,116.1,311.4,none
34,2021-11-03,2021-11-11,17829.2,17873.6,17.06,49.8221810004215,356.0,18450.0,18650.0,17200.0,17000.0,6.58,3.91,10.32,6.02,6.97,9651.5,50,348.5,80.0,0.53,0.67,14.52,0.01,0.0,20.0,115.74,232.76,none
35,2021-11-11,2021-11-18,17873.6,17764.8,16.31,53.4507691152153,341.2,18500.0,18700.0,17250.0,17050.0,5.68,3.41,8.32,4.66,5.93,9703.5,50,296.5,80.0,0.44,0.55,14.5,0.01,0.0,20.0,115.5,181.0,none
36,2021-12-09,2021-12-16,17516.85,17248.4,17.27,49.32450582807695,354.07,18150.0,18350.0,16900.0,16700.0,4.49,2.61,16.4,9.53,8.75,9562.5,50,437.5,80.0,0.65,0.83,14.55,0.02,0.0,20.0,116.05,321.45,none
37,2021-12-16,2021-12-23,17248.4,17072.6,17.22,43.54994501418106,347.63,17850.0,18050.0,16600.0,16400.0,7.63,4.21,11.47,5.92,8.97,9551.5,50,448.5,80.0,0.6,0.73,14.53,0.02,0.0,20.0,115.88,332.62,none
38,2021-12-23,2021-12-30,17072.6,17203.95,16.58,42.07689254272108,331.3,17650.0,17850.0,16500.0,16300.0,7.73,3.91,22.58,13.69,12.71,9364.5,50,635.5,80.0,0.95,1.2,14.62,0.03,0.0,20.0,116.79,518.71,none
39,2021-12-30,2022-01-06,17203.95,17745.9,16.24,49.26786399004135,327.0,17800.0,18000.0,16600.0,16400.0,3.84,2.66,18.99,10.48,9.69,9515.5,50,484.5,80.0,0.71,0.9,14.56,0.02,0.0,20.0,116.2,368.3,none
40,2022-01-06,2022-01-13,17745.9,18257.8,17.23,65.47398052529954,357.87,18400.0,18600.0,17100.0,16900.0,8.22,3.81,19.49,11.73,12.17,9391.5,50,608.5,80.0,0.87,1.08,14.6,0.02,0.0,20.0,116.57,491.93,none
41,2022-01-13,2022-01-20,18257.8,17757.0,17.18,68.52470253210022,367.12,18900.0,19100.0,17600.0,17400.0,4.24,2.16,11.27,6.72,6.63,9668.5,50,331.5,80.0,0.48,0.61,14.51,0.01,0.0,20.0,115.62,215.88,none
42,2022-02-03,2022-02-10,17560.2,17605.85,18.65,54.74479141466749,383.31,18250.0,18450.0,16850.0,16650.0,6.83,3.46,25.77,13.84,15.3,9235.0,50,765.0,80.0,1.02,1.25,14.63,0.03,0.0,20.0,116.92,648.08,none
43,2022-02-10,2022-02-17,17605.85,17304.6,18.56,48.523684264741135,382.45,18300.0,18500.0,16900.0,16700.0,4.24,2.21,11.17,7.02,6.18,9691.0,50,309.0,80.0,0.48,0.62,14.51,0.01,0.0,20.0,115.62,193.38,none
44,2022-04-21,2022-04-28,17392.6,17245.05,18.67,45.76939913497943,380.06,18100.0,18300.0,16700.0,16500.0,5.93,3.06,16.7,10.08,9.49,9525.5,50,474.5,80.0,0.71,0.89,14.56,0.02,0.0,20.0,116.18,358.32,none
45,2022-06-09,2022-06-16,16478.1,15360.6,19.84,46.559919150548076,382.64,17150.0,17350.0,15800.0,15600.0,4.89,2.46,12.96,6.87,8.52,9574.0,50,-9574.0,80.0,15.52,17.65,17.58,0.01,0.04,20.0,150.8,-9724.8,full_wing_put
46,2022-07-14,2022-07-21,15938.65,16605.25,18.52,49.64541733437957,345.49,16550.0,16750.0,15300.0,15100.0,4.93,2.11,13.81,6.67,9.96,9502.0,50,-2264.5,80.0,0.59,2.07,14.77,0.01,0.0,20.0,117.45,-2381.95,call
47,2022-07-21,2022-07-28,16605.25,16929.6,16.82,65.11918788306508,326.9,17200.0,17400.0,16000.0,15800.0,3.99,1.65,15.4,8.17,9.57,9521.5,50,478.5,80.0,0.61,0.73,14.53,0.01,0.0,20.0,115.88,362.62,none
48,2022-07-28,2022-08-04,16929.6,17382.0,18.13,63.322141877516124,359.24,17600.0,17800.0,16300.0,16100.0,4.29,1.86,13.71,7.72,8.42,9579.0,50,421.0,80.0,0.56,0.69,14.52,0.01,0.0,20.0,115.79,305.21,none
49,2022-09-01,2022-09-08,17542.8,17798.75,18.7,62.70313750089406,383.95,18250.0,18450.0,16850.0,16650.0,9.37,3.51,20.99,10.98,15.87,9206.5,50,793.5,80.0,0.95,1.12,14.6,0.02,0.0,20.0,116.7,676.8,none
50,2022-09-08,2022-09-15,17798.75,17877.4,19.37,57.29655398981566,403.51,18550.0,18750.0,17050.0,16850.0,2.99,1.55,9.72,5.82,5.34,9733.0,50,267.0,80.0,0.4,0.5,14.49,0.01,0.0,20.0,115.4,151.6,none
51,2022-09-15,2022-09-22,17877.4,17629.8,18.28,65.02946644637666,382.49,18550.0,18750.0,17200.0,17000.0,6.18,3.21,15.15,8.27,9.85,9507.5,50,492.5,80.0,0.67,0.82,14.55,0.02,0.0,20.0,116.05,376.45,none
52,2022-09-22,2022-09-29,17629.8,16818.1,19.33,53.11089167591726,398.86,18350.0,18550.0,16900.0,16700.0,6.73,3.31,14.31,7.57,10.16,9492.0,50,-3587.0,80.0,0.66,2.85,14.91,0.02,0.01,20.0,118.44,-3705.44,put
53,2022-10-06,2022-10-13,17331.8,17014.35,19.57,48.12131143971018,396.98,18050.0,18250.0,16600.0,16400.0,3.14,2.01,11.76,6.17,6.72,9664.0,50,336.0,80.0,0.47,0.58,14.5,0.01,0.0,20.0,115.56,220.44,none
54,2022-10-27,2022-11-03,17736.95,18052.7,16.88,58.199838749706174,350.42,18350.0,18550.0,17100.0,16900.0,4.59,2.51,10.77,5.06,7.79,9610.5,50,389.5,80.0,0.48,0.57,14.5,0.01,0.0,20.0,115.57,273.93,none
55,2022-11-10,2022-11-17,18028.2,18343.9,15.92,66.37368860070464,335.92,18650.0,18850.0,17400.0,17200.0,4.59,2.51,7.53,4.56,5.05,9747.5,50,252.5,80.0,0.38,0.48,14.49,0.01,0.0,20.0,115.36,137.14,none
56,2022-11-17,2022-11-24,18343.9,18484.1,15.1,68.89697803236487,324.2,18950.0,19150.0,17750.0,17550.0,3.49,2.41,8.77,5.06,4.79,9760.5,50,239.5,80.0,0.38,0.49,14.49,0.01,0.0,20.0,115.38,124.12,none
57,2022-11-24,2022-12-01,18484.1,18812.5,14.04,60.47964218932977,303.74,19050.0,19250.0,17950.0,17750.0,3.34,2.46,8.82,5.47,4.23,9788.5,50,211.5,80.0,0.38,0.5,14.49,0.01,0.0,20.0,115.39,96.11,none
58,2022-12-08,2022-12-15,18609.35,18414.9,14.08,59.89284972284364,306.67,19150.0,19350.0,18050.0,17850.0,4.69,2.91,5.68,3.66,3.8,9810.0,50,190.0,80.0,0.32,0.42,14.48,0.01,0.0,20.0,115.23,74.77,none
59,2022-12-15,2022-12-22,18414.9,18127.35,12.89,61.97743306004197,277.82,18900.0,19100.0,17900.0,17700.0,7.88,4.16,11.27,5.87,9.12,9544.0,50,456.0,80.0,0.6,0.73,14.53,0.02,0.0,20.0,115.88,340.12,none
60,2022-12-22,2022-12-29,18127.35,18191.0,15.56,42.70720680440695,330.13,18700.0,18900.0,17550.0,17350.0,7.78,5.17,12.86,7.47,8.0,9600.0,50,400.0,80.0,0.64,0.83,14.55,0.02,0.0,20.0,116.05,283.95,none
61,2022-12-29,2023-01-05,18191.0,17992.15,15.4,44.52254095356945,327.88,18800.0,19000.0,17600.0,17400.0,3.14,2.01,9.52,6.12,4.53,9773.5,50,226.5,80.0,0.4,0.52,14.49,0.01,0.0,20.0,115.42,111.08,none
62,2023-01-05,2023-01-12,17992.15,17858.2,15.2,42.89942226380056,320.08,18550.0,18750.0,17400.0,17200.0,5.38,2.91,6.53,3.31,5.69,9715.5,50,284.5,80.0,0.37,0.45,14.48,0.01,0.0,20.0,115.32,169.18,none
63,2023-01-12,2023-01-19,17858.2,18107.85,15.44,41.31432250047083,322.72,18450.0,18650.0,17300.0,17100.0,7.53,3.76,11.42,4.91,10.28,9486.0,50,514.0,80.0,0.59,0.69,14.52,0.01,0.0,20.0,115.82,398.18,none
64,2023-01-25,2023-02-02,17891.95,17610.4,13.66,50.68834877736857,286.05,18400.0,18600.0,17400.0,17200.0,19.94,7.72,21.88,10.13,23.97,8801.5,50,1198.5,80.0,1.31,1.49,14.67,0.03,0.0,20.0,117.5,1081.0,none
65,2023-02-09,2023-02-16,17893.45,18035.85,13.6,48.63507266475449,284.82,18400.0,18600.0,17400.0,17200.0,4.54,2.36,8.92,5.27,5.83,9708.5,50,291.5,80.0,0.42,0.53,14.5,0.01,0.0,20.0,115.46,176.04,none
66,2023-02-16,2023-02-23,18035.85,17511.25,12.86,54.42207832053151,271.47,18500.0,18700.0,17550.0,17350.0,5.18,2.86,9.22,5.57,5.97,9701.5,50,-1639.0,80.0,0.45,1.54,14.68,0.01,0.0,20.0,116.68,-1755.68,put
67,2023-03-09,2023-03-16,17589.6,16985.6,12.45,51.8114094730088,256.31,18050.0,18250.0,17150.0,16950.0,5.88,2.66,10.02,4.76,8.48,9576.0,50,-7796.0,80.0,0.5,4.69,15.25,0.01,0.01,20.0,120.46,-7916.46,put
68,2023-04-20,2023-04-27,17624.45,17915.05,12.15,55.82355874621875,250.63,18100.0,18300.0,17150.0,16950.0,2.39,1.81,6.33,3.56,3.35,9832.5,50,167.5,80.0,0.27,0.35,14.46,0.01,0.0,20.0,115.1,52.4,none
69,2023-05-04,2023-05-11,18255.8,18297.0,11.84,69.51626056469824,252.98,18700.0,18900.0,17800.0,17600.0,3.19,1.75,6.93,4.01,4.36,9782.0,50,218.0,80.0,0.32,0.4,14.47,0.01,0.0,20.0,115.19,102.81,none
70,2023-05-11,2023-05-18,18297.0,18129.95,13.08,69.5497234887319,280.11,18800.0,19000.0,17800.0,17600.0,3.14,2.01,8.27,5.11,4.29,9785.5,50,214.5,80.0,0.36,0.46,14.48,0.01,0.0,20.0,115.32,99.18,none
71,2023-05-18,2023-05-25,18129.95,18321.15,13.11,58.65761894343469,278.19,18650.0,18850.0,17650.0,17450.0,4.09,2.86,6.03,3.21,4.05,9797.5,50,202.5,80.0,0.32,0.4,14.47,0.01,0.0,20.0,115.2,87.3,none
72,2023-05-25,2023-06-01,18321.15,18487.75,13.11,60.245233394903345,281.12,18850.0,19050.0,17800.0,17600.0,2.09,1.91,5.98,3.46,2.7,9865.0,50,135.0,80.0,0.25,0.34,14.46,0.01,0.0,20.0,115.06,19.94,none
73,2023-06-01,2023-06-08,18487.75,18634.55,11.97,64.98980881690895,259.01,18950.0,19150.0,18000.0,17800.0,5.13,2.56,7.18,3.31,6.44,9678.0,50,322.0,80.0,0.38,0.45,14.48,0.01,0.0,20.0,115.33,206.67,none
74,2023-06-15,2023-06-22,18688.1,18771.25,11.16,66.84884258638431,244.1,19150.0,19350.0,18250.0,18050.0,3.14,2.21,7.68,4.71,3.9,9805.0,50,195.0,80.0,0.34,0.44,14.48,0.01,0.0,20.0,115.27,79.73,none
75,2023-07-13,2023-07-20,19413.75,19979.15,10.94,67.77344844815538,248.58,19850.0,20050.0,18950.0,18750.0,6.13,3.31,6.73,4.21,5.34,9733.0,50,-6190.5,80.0,0.4,3.74,15.07,0.01,0.01,20.0,119.23,-6309.73,call
76,2023-07-27,2023-08-03,19659.9,19381.65,10.46,66.68507028041822,240.69,20100.0,20300.0,19250.0,19050.0,13.41,5.22,10.02,5.06,13.15,9342.5,50,657.5,80.0,0.73,0.84,14.55,0.02,0.0,20.0,116.14,541.36,none
77,2023-08-03,2023-08-10,19381.65,19543.1,11.28,52.59169241495641,255.88,19850.0,20050.0,18900.0,18700.0,7.38,3.86,8.22,4.31,7.43,9628.5,50,371.5,80.0,0.49,0.59,14.51,0.01,0.0,20.0,115.6,255.9,none
78,2023-08-17,2023-08-24,19365.25,19386.7,12.13,49.149295733392385,274.93,19850.0,20050.0,18850.0,18650.0,3.79,2.21,5.68,3.16,4.1,9795.0,50,205.0,80.0,0.3,0.37,14.47,0.01,0.0,20.0,115.14,89.86,none
79,2023-08-24,2023-08-31,19386.7,19253.8,11.73,49.53187479124998,266.16,19850.0,20050.0,18900.0,18700.0,4.44,2.51,7.53,3.46,6.0,9700.0,50,300.0,80.0,0.37,0.45,14.48,0.01,0.0,20.0,115.31,184.69,none
80,2023-08-31,2023-09-07,19253.8,19727.05,11.8,46.10103521415654,265.91,19750.0,19950.0,18800.0,18600.0,5.03,2.11,7.73,3.66,6.99,9650.5,50,349.5,80.0,0.4,0.46,14.48,0.01,0.0,20.0,115.36,234.14,none
81,2023-09-07,2023-09-14,19727.05,20103.1,10.68,59.0962898609284,246.59,20150.0,20350.0,19300.0,19100.0,3.64,1.75,9.32,5.27,5.94,9703.0,50,297.0,80.0,0.41,0.5,14.49,0.01,0.0,20.0,115.41,181.59,none
82,2023-09-21,2023-09-28,19742.35,19523.55,11.13,58.26926707321386,257.18,20200.0,20400.0,19300.0,19100.0,6.33,3.36,11.96,5.87,9.06,9547.0,50,453.0,80.0,0.57,0.69,14.52,0.01,0.0,20.0,115.8,337.2,none
83,2023-10-05,2023-10-12,19545.75,19794.0,11.66,40.14982959044662,266.74,20050.0,20250.0,19050.0,18850.0,2.39,1.7,7.08,3.51,4.26,9787.0,50,213.0,80.0,0.3,0.37,14.47,0.01,0.0,20.0,115.14,97.86,none
84,2023-10-12,2023-10-19,19794.0,19624.7,10.99,55.720202344988714,254.61,20250.0,20450.0,19350.0,19150.0,5.13,2.11,11.12,5.82,8.32,9584.0,50,416.0,80.0,0.51,0.6,14.51,0.01,0.0,20.0,115.63,300.37,none
85,2023-11-16,2023-11-23,19765.2,19802.0,11.14,59.633225854674315,257.71,20250.0,20450.0,19300.0,19100.0,3.79,1.86,7.88,4.26,5.55,9722.5,50,277.5,80.0,0.36,0.44,14.48,0.01,0.0,20.0,115.3,162.2,none
86,2024-01-04,2024-01-11,21658.6,21647.2,14.1,65.63351030826476,357.43,22300.0,22500.0,21000.0,20800.0,4.79,2.61,5.93,3.81,4.3,9785.0,50,215.0,80.0,0.33,0.43,14.48,0.01,0.0,20.0,115.25,99.75,none
87,2024-01-11,2024-01-18,21647.2,21462.25,12.97,63.88207452713414,328.61,22250.0,22450.0,21050.0,20850.0,6.23,2.86,10.92,5.17,9.12,9544.0,50,456.0,80.0,0.54,0.63,14.51,0.01,0.0,20.0,115.69,340.31,none
88,2024-02-01,2024-02-08,21697.45,21717.95,16.05,55.517399350132656,407.59,22450.0,22650.0,20950.0,20750.0,8.62,4.51,13.51,7.52,10.1,9495.0,50,505.0,80.0,0.69,0.85,14.55,0.02,0.0,20.0,116.12,388.88,none
89,2024-02-08,2024-02-15,21717.95,21910.75,15.51,58.904552686444525,394.25,22450.0,22650.0,21000.0,20800.0,11.96,4.86,15.15,7.97,14.28,9286.0,50,714.0,80.0,0.85,1.0,14.58,0.02,0.0,20.0,116.45,597.55,none
90,2024-02-15,2024-02-22,21910.75,22217.45,15.44,55.504766979533684,395.95,22600.0,22800.0,21200.0,21000.0,7.28,2.91,10.47,6.27,8.57,9571.5,50,428.5,80.0,0.55,0.67,14.52,0.01,0.0,20.0,115.76,312.74,none
91,2024-02-22,2024-02-29,22217.45,21982.8,15.93,58.42038149298274,414.24,22950.0,23150.0,21450.0,21250.0,5.63,2.86,11.91,6.52,8.16,9592.0,50,408.0,80.0,0.55,0.67,14.52,0.01,0.0,20.0,115.76,292.24,none
92,2024-02-29,2024-03-07,21982.8,22493.55,16.33,52.08323644086654,420.15,22750.0,22950.0,21250.0,21050.0,6.28,3.16,9.37,5.47,7.02,9649.0,50,351.0,80.0,0.49,0.61,14.51,0.01,0.0,20.0,115.62,235.38,none
93,2024-03-14,2024-03-21,22146.65,22011.95,14.43,47.37572820191009,374.04,22800.0,23000.0,21450.0,21250.0,6.93,2.91,9.37,5.01,8.38,9581.0,50,419.0,80.0,0.51,0.61,14.51,0.01,0.0,20.0,115.64,303.36,none
94,2024-04-18,2024-04-25,21995.85,22570.35,12.62,45.22505324705644,324.89,22600.0,22800.0,21400.0,21200.0,14.56,5.62,19.79,11.89,16.84,9158.0,50,842.0,80.0,1.07,1.3,14.63,0.03,0.0,20.0,117.03,724.97,none
95,2024-05-02,2024-05-09,22648.2,21957.5,12.87,57.747174753823145,341.15,23250.0,23450.0,22050.0,21850.0,6.63,2.36,10.82,6.62,8.47,4788.25,25,-2100.75,80.0,0.27,1.49,14.67,0.01,0.0,10.0,106.44,-2207.19,put
96,2024-05-09,2024-05-16,21957.5,22403.85,17.08,47.328232384410605,438.94,22750.0,22950.0,21150.0,20950.0,8.27,4.91,10.57,6.42,7.51,4812.25,25,187.75,80.0,0.29,0.38,14.47,0.01,0.0,10.0,105.15,82.6,none
97,2024-06-06,2024-06-13,22821.4,23398.9,18.89,51.29545931764194,504.56,23750.0,23950.0,21900.0,21700.0,36.09,34.25,25.62,17.75,9.71,4757.25,25,242.75,80.0,0.96,1.42,14.66,0.04,0.0,10.0,107.08,135.67,none
98,2024-06-20,2024-06-27,23567.0,24044.5,13.71,61.63323149881307,378.16,24250.0,24450.0,22900.0,22700.0,4.09,2.26,11.32,6.47,6.68,4833.0,25,167.0,80.0,0.24,0.3,14.45,0.01,0.0,10.0,105.0,62.0,none
99,2024-06-27,2024-07-04,24044.5,24302.15,14.05,66.6508491157643,395.39,24750.0,24950.0,23350.0,23150.0,4.69,2.41,21.04,12.89,10.43,4739.25,25,260.75,80.0,0.4,0.51,14.49,0.01,0.0,10.0,105.42,155.33,none
100,2024-07-25,2024-08-01,24406.1,25010.9,11.76,60.54924205658766,335.93,25000.0,25200.0,23800.0,23600.0,8.77,3.21,18.79,9.63,14.72,4632.0,25,95.5,80.0,0.43,0.64,14.52,0.01,0.0,10.0,105.6,-10.1,call
101,2024-08-14,2024-08-22,24143.75,24811.5,16.17,45.72448596188364,456.93,24950.0,25150.0,23300.0,23100.0,4.29,2.71,15.3,9.53,7.35,4816.25,25,183.75,80.0,0.31,0.4,14.47,0.01,0.0,10.0,105.19,78.56,none
102,2024-08-22,2024-08-29,24811.5,25151.95,13.33,59.621428656861966,387.1,25500.0,25700.0,24100.0,23900.0,4.24,2.21,9.67,7.07,4.63,4884.25,25,115.75,80.0,0.22,0.29,14.45,0.01,0.0,10.0,104.97,10.78,none
103,2024-08-29,2024-09-05,25151.95,25145.1,13.95,65.4184616458731,410.66,25900.0,26100.0,24400.0,24200.0,2.64,1.65,9.42,6.57,3.84,4904.0,25,96.0,80.0,0.19,0.25,14.45,0.01,0.0,10.0,104.89,-8.89,none
104,2024-09-05,2024-09-12,25145.1,25388.9,14.38,66.04122497386456,423.21,25900.0,26100.0,24400.0,24200.0,3.39,2.06,8.42,5.87,3.88,4903.0,25,97.0,80.0,0.18,0.25,14.44,0.01,0.0,10.0,104.88,-7.88,none
105,2024-09-12,2024-09-19,25388.9,25415.8,13.63,52.87126375546594,405.02,26100.0,26300.0,24650.0,24450.0,5.38,3.26,19.74,13.14,8.72,4782.0,25,218.0,80.0,0.39,0.52,14.49,0.01,0.0,10.0,105.42,112.58,none
106,2024-09-19,2024-09-26,25415.8,26216.05,13.37,62.954284327108226,397.72,26150.0,26350.0,24700.0,24500.0,5.68,3.46,20.04,14.09,8.17,4795.75,25,-1447.0,80.0,0.4,1.37,14.65,0.01,0.0,10.0,106.43,-1553.43,call
107,2024-10-03,2024-10-10,25250.1,24998.45,11.99,60.78981739837023,354.34,25900.0,26100.0,24600.0,24400.0,23.83,13.24,28.81,19.36,20.04,4499.0,25,501.0,80.0,1.32,1.07,14.59,0.02,0.0,10.0,107.0,394.0,none
108,2024-10-10,2024-10-17,24998.45,24749.85,14.12,42.01056815954167,413.13,25750.0,25950.0,24250.0,24050.0,8.77,4.76,16.4,9.43,10.98,4725.5,25,274.5,80.0,0.63,0.49,14.49,0.01,0.0,10.0,105.62,168.88,none
109,2024-10-17,2024-10-24,24749.85,24399.4,13.05,42.749864450158896,378.03,25450.0,25650.0,24050.0,23850.0,10.67,5.82,16.3,9.93,11.22,4719.5,25,280.5,80.0,0.67,0.53,14.5,0.01,0.0,10.0,105.72,174.78,none
110,2024-11-07,2024-11-14,24199.35,23532.7,14.87,46.05006762928595,421.17,24950.0,25150.0,23450.0,23250.0,9.47,5.37,17.85,10.38,11.57,4710.75,25,289.25,80.0,0.68,0.54,14.5,0.01,0.0,10.0,105.73,183.52,none
111,2024-11-28,2024-12-05,23914.15,24708.4,14.63,52.186298101050234,409.48,24650.0,24850.0,23200.0,23000.0,17.15,7.62,15.15,9.18,15.5,4612.5,25,-1072.5,80.0,0.81,1.34,14.64,0.01,0.0,10.0,106.81,-1179.31,call
112,2024-12-05,2024-12-12,24708.4,24548.7,14.45,55.890984817066744,417.88,25450.0,25650.0,23950.0,23750.0,16.45,9.63,36.99,22.42,21.39,4465.25,25,534.75,80.0,1.34,1.07,14.59,0.02,0.0,10.0,107.02,427.73,none
113,2024-12-12,2024-12-19,24548.7,23951.7,13.27,58.28296645386396,381.27,25250.0,25450.0,23850.0,23650.0,11.47,4.96,12.51,6.97,12.05,4698.75,25,301.25,80.0,0.6,0.45,14.48,0.01,0.0,10.0,105.54,195.71,none
114,2024-12-26,2025-01-02,23750.2,24188.65,13.18,38.18226969848414,366.37,24400.0,24600.0,23100.0,22900.0,15.65,6.22,20.64,10.83,19.24,13557.0,75,1443.0,80.0,2.72,2.0,14.76,0.04,0.0,30.0,129.53,1313.47,none
115,2025-01-02,2025-01-09,24188.65,23526.5,14.51,40.678719182310715,410.79,24950.0,25150.0,23450.0,23250.0,5.48,2.61,22.38,13.24,12.01,14099.25,75,900.75,80.0,2.09,1.64,14.7,0.04,0.0,30.0,128.46,772.29,none
116,2025-01-09,2025-01-16,23526.5,23311.8,14.47,42.63405923231433,398.44,24250.0,24450.0,22800.0,22600.0,12.51,5.47,13.96,7.67,13.33,14000.25,75,999.75,80.0,1.99,1.49,14.67,0.03,0.0,30.0,128.17,871.58,none
117,2025-01-23,2025-01-30,23205.35,23249.5,16.77,39.22961634094112,455.47,24050.0,24250.0,22400.0,22200.0,8.27,4.41,15.95,9.28,10.53,4736.75,25,263.25,80.0,0.61,0.47,14.49,0.01,0.0,10.0,105.58,157.67,none
118,2025-01-30,2025-02-06,23249.5,23603.35,18.64,43.58672801076352,507.22,24150.0,24350.0,22350.0,22150.0,48.9,29.04,47.61,32.05,35.42,12343.5,75,2656.5,80.0,7.24,5.91,15.47,0.14,0.01,30.0,138.76,2517.74,none
119,2025-02-06,2025-02-13,23603.35,23031.4,14.08,55.61172802748801,388.97,24300.0,24500.0,22900.0,22700.0,14.71,6.82,19.19,10.53,16.55,13758.75,75,1241.25,80.0,2.54,1.92,14.75,0.04,0.0,30.0,129.25,1112.0,none
120,2025-02-13,2025-02-20,23031.4,22913.15,14.9,40.91065578931939,401.65,23750.0,23950.0,22300.0,22100.0,12.11,5.32,15.1,8.02,13.87,13959.75,75,1040.25,80.0,2.04,1.52,14.67,0.03,0.0,30.0,128.27,911.98,none
121,2025-03-20,2025-03-27,23190.65,23591.95,13.3,56.03034430433071,361.0,23850.0,24050.0,22550.0,22350.0,5.18,2.81,12.51,7.72,7.16,14463.0,75,537.0,80.0,1.33,1.06,14.59,0.02,0.0,30.0,127.0,410.0,none
122,2025-04-30,2025-05-08,24334.2,24273.8,17.37,65.03992690743334,494.72,25200.0,25400.0,23450.0,23250.0,9.57,4.41,55.38,41.67,18.87,13584.75,75,1415.25,80.0,4.87,4.16,15.15,0.1,0.01,30.0,134.3,1280.95,none
123,2025-05-08,2025-05-15,24273.8,25062.1,19.06,65.04295910639829,541.5,25250.0,25450.0,23300.0,23100.0,5.63,3.41,96.16,83.3,15.08,13869.0,75,1131.0,80.0,7.63,7.07,15.67,0.2,0.01,30.0,140.59,990.41,none
124,2025-05-15,2025-05-22,25062.1,24609.7,17.23,61.49006904368925,505.41,25950.0,26150.0,24150.0,23950.0,8.27,4.46,28.66,20.61,11.86,14110.5,75,889.5,80.0,2.77,2.33,14.82,0.06,0.0,30.0,129.98,759.52,none
125,2025-05-22,2025-05-29,24609.7,24833.6,17.55,59.86782699237355,505.5,25500.0,25700.0,23700.0,23500.0,13.96,7.47,14.76,10.13,11.12,14166.0,75,834.0,80.0,2.15,1.74,14.71,0.04,0.0,30.0,128.65,705.35,none
126,2025-05-29,2025-06-05,24833.6,24750.9,18.02,56.052965904535746,523.76,25800.0,26000.0,23900.0,23700.0,12.36,6.87,10.12,6.52,9.09,14318.25,75,681.75,80.0,1.69,1.35,14.64,0.03,0.0,30.0,127.71,554.04,none
127,2025-06-05,2025-06-12,24750.9,24888.2,15.75,52.34091238730007,456.26,25550.0,25750.0,23950.0,23750.0,12.51,5.77,15.65,9.58,12.81,14039.25,75,960.75,80.0,2.11,1.63,14.69,0.03,0.0,30.0,128.48,832.27,none
128,2025-06-12,2025-06-19,24888.2,24793.25,13.67,62.540138423518954,398.2,25600.0,25800.0,24150.0,23950.0,11.86,5.57,16.6,9.88,13.01,14024.25,75,975.75,80.0,2.13,1.65,14.7,0.03,0.0,30.0,128.52,847.23,none
129,2025-06-19,2025-06-26,24793.25,25549.0,14.28,52.167620613579764,414.38,25550.0,25750.0,24050.0,23850.0,10.52,5.06,33.45,23.17,15.74,13819.5,75,1180.5,80.0,3.3,2.71,14.89,0.06,0.01,30.0,130.96,1049.54,none
130,2025-06-26,2025-07-03,25549.0,25405.3,12.96,60.94054446849849,387.54,26250.0,26450.0,24850.0,24650.0,6.98,3.26,26.27,16.9,13.09,14018.25,75,981.75,80.0,2.49,2.0,14.76,0.05,0.0,30.0,129.31,852.44,none
131,2025-07-03,2025-07-10,25405.3,25355.25,12.45,61.344148533251044,370.2,26050.0,26250.0,24750.0,24550.0,12.56,5.57,13.16,7.97,12.18,14086.5,75,913.5,80.0,1.93,1.47,14.67,0.03,0.0,30.0,128.1,785.4,none
132,2025-07-10,2025-07-17,25355.25,25111.45,11.94,60.61161780024753,354.33,26000.0,26200.0,24700.0,24500.0,8.92,4.06,11.22,7.32,8.76,14343.0,75,657.0,80.0,1.51,1.18,14.61,0.03,0.0,30.0,127.33,529.67,none
133,2025-07-17,2025-07-24,25111.45,25062.1,11.24,51.047264820045,330.35,25700.0,25900.0,24500.0,24300.0,9.22,4.26,10.77,6.57,9.16,14313.0,75,687.0,80.0,1.5,1.16,14.61,0.02,0.0,30.0,127.29,559.71,none
134,2025-07-24,2025-07-31,25062.1,24768.35,10.52,52.290459686342714,308.58,25600.0,25800.0,24500.0,24300.0,11.71,5.47,12.66,7.77,11.13,14165.25,75,834.75,80.0,1.83,1.41,14.65,0.03,0.0,30.0,127.93,706.82,none
135,2025-07-31,2025-08-07,24768.35,24596.15,11.21,43.253072706755916,324.97,25350.0,25550.0,24200.0,24000.0,15.35,6.37,22.08,13.34,17.72,13671.0,75,1329.0,80.0,2.81,2.14,14.79,0.04,0.0,30.0,129.79,1199.21,none
136,2025-08-07,2025-08-14,24596.15,24631.3,11.96,38.16396518977688,344.3,25200.0,25400.0,24000.0,23800.0,8.62,3.31,12.66,7.57,10.4,14220.0,75,780.0,80.0,1.6,1.21,14.62,0.02,0.0,30.0,127.45,652.55,none
137,2025-09-02,2025-09-09,24579.6,24868.6,11.29,45.49939848687614,324.79,25150.0,25350.0,24000.0,23800.0,9.37,3.81,13.21,7.37,11.4,14145.0,75,855.0,80.0,1.69,1.27,14.63,0.03,0.0,30.0,127.62,727.38,none
138,2025-09-09,2025-09-16,24868.6,25239.1,10.84,50.387692355409506,315.51,25450.0,25650.0,24300.0,24100.0,6.08,2.96,10.72,6.22,7.62,14428.5,75,571.5,80.0,1.26,0.97,14.58,0.02,0.0,30.0,126.83,444.67,none
139,2025-09-16,2025-09-23,25239.1,25169.5,10.4,59.00735048227971,307.22,25800.0,26000.0,24700.0,24500.0,7.98,3.26,11.61,7.37,8.96,14328.0,75,672.0,80.0,1.47,1.13,14.6,0.02,0.0,30.0,127.23,544.77,none
140,2025-10-07,2025-10-14,25108.3,25145.5,10.19,55.258740519054015,299.45,25650.0,25850.0,24550.0,24350.0,6.88,3.01,7.93,5.01,6.79,14490.75,75,509.25,80.0,1.11,0.86,14.55,0.02,0.0,30.0,126.54,382.71,none
141,2025-10-20,2025-10-28,25843.15,25936.2,11.63,69.33520215408102,351.77,26500.0,26700.0,25200.0,25000.0,8.72,3.41,11.66,8.78,8.19,14385.75,75,614.25,80.0,1.53,1.22,14.62,0.03,0.0,30.0,127.4,486.85,none
142,2025-11-11,2025-11-18,25694.95,25910.05,12.3,52.07867877762285,369.91,26350.0,26550.0,25050.0,24850.0,10.07,4.21,12.56,8.02,10.4,14220.0,75,780.0,80.0,1.7,1.31,14.64,0.03,0.0,30.0,127.67,652.33,none
143,2025-11-18,2025-11-25,25910.05,25884.8,11.79,65.1207621696002,357.54,26550.0,26750.0,25250.0,25050.0,12.26,5.32,14.11,8.68,12.37,14072.25,75,927.75,80.0,1.98,1.51,14.67,0.03,0.0,30.0,128.2,799.55,none
144,2025-11-25,2025-12-02,25884.8,26032.2,13.24,57.376222612463465,401.12,26600.0,26800.0,25150.0,24950.0,6.58,3.36,5.98,4.26,4.94,14629.5,75,370.5,80.0,0.94,0.76,14.54,0.02,0.0,30.0,126.25,244.25,none
145,2025-12-02,2025-12-09,26032.2,25839.65,11.63,61.66021502830133,354.35,26650.0,26850.0,25400.0,25200.0,10.02,4.01,6.58,4.36,8.23,14382.75,75,617.25,80.0,1.24,0.94,14.57,0.02,0.0,30.0,126.77,490.48,none
146,2025-12-09,2025-12-16,25839.65,25860.1,11.13,51.16205784765629,336.6,26450.0,26650.0,25250.0,25050.0,8.08,3.81,8.87,5.72,7.42,14443.5,75,556.5,80.0,1.27,0.99,14.58,0.02,0.0,30.0,126.87,429.63,none
147,2025-12-16,2025-12-23,25860.1,26177.15,10.25,53.67667329588778,310.24,26400.0,26600.0,25300.0,25100.0,9.32,4.31,9.12,5.77,8.36,14373.0,75,627.0,80.0,1.38,1.07,14.59,0.02,0.0,30.0,127.07,499.93,none
148,2025-12-30,2026-01-06,25938.85,26178.7,9.72,49.059957733449686,295.09,26450.0,26650.0,25400.0,25200.0,7.03,3.16,5.48,3.81,5.54,12639.9,65,360.1,80.0,0.81,0.63,14.51,0.01,0.0,26.0,121.98,238.12,none
149,2026-01-06,2026-01-13,26178.7,25732.3,10.02,58.7850455287297,307.01,26750.0,26950.0,25650.0,25450.0,4.89,2.66,6.33,4.11,4.45,12710.75,65,289.25,80.0,0.73,0.58,14.51,0.01,0.0,26.0,121.83,167.42,none
150,2026-02-10,2026-02-17,25935.15,25725.4,12.19,56.03380116923706,370.02,26600.0,26800.0,25250.0,25050.0,8.22,5.17,14.26,11.08,6.23,12595.05,65,404.95,80.0,1.46,1.26,14.63,0.03,0.0,26.0,123.38,281.57,none
151,2026-02-17,2026-02-24,25725.4,25424.65,13.33,50.31798452442426,401.36,26450.0,26650.0,25000.0,24800.0,7.18,4.26,17.55,12.19,8.28,12461.8,65,538.2,80.0,1.61,1.34,14.64,0.03,0.0,26.0,123.62,414.58,none
152,2026-03-02,2026-03-10,24865.7,24261.6,13.7,39.94689378459508,398.71,25600.0,25800.0,24150.0,23950.0,32.75,16.95,86.69,64.59,37.9,10536.5,65,2463.5,80.0,7.76,6.53,15.58,0.16,0.01,26.0,136.05,2327.45,none
153,2026-04-13,2026-04-21,23842.65,24576.6,18.85,54.22788185576764,526.02,24800.0,25000.0,22900.0,22700.0,16.95,7.92,62.36,43.98,27.41,11218.35,65,1781.65,80.0,5.16,4.26,15.17,0.1,0.01,26.0,130.7,1650.95,none
154,2026-04-21,2026-04-28,24576.6,23995.7,18.79,57.23931796624087,540.49,25550.0,25750.0,23600.0,23400.0,8.37,3.96,31.8,20.96,15.25,12008.75,65,991.25,80.0,2.61,2.12,14.78,0.05,0.0,26.0,125.56,865.69,none
155,2026-05-05,2026-05-12,24032.8,23379.55,18.3,52.17498042775994,514.75,24950.0,25150.0,23100.0,22900.0,9.92,4.96,12.86,7.62,10.2,12337.0,65,663.0,80.0,1.48,1.15,14.61,0.02,0.0,26.0,123.26,539.74,none
156,2026-05-12,2026-05-19,23379.55,23618.0,18.55,46.09430097908129,507.6,24300.0,24500.0,22450.0,22250.0,23.13,13.89,21.24,13.84,16.64,11918.4,65,1081.6,80.0,2.88,2.34,14.82,0.05,0.0,26.0,126.11,955.49,none
157,2026-05-19,2026-05-26,23618.0,23913.7,19.63,45.25379394589898,542.63,24600.0,24800.0,22650.0,22450.0,7.68,4.61,18.29,11.33,10.03,12348.05,65,651.95,80.0,1.69,1.36,14.65,0.03,0.0,26.0,123.73,528.22,none
158,2026-06-02,2026-06-09,23483.55,23242.1,16.54,40.259951611074705,454.61,24300.0,24500.0,22650.0,22450.0,11.91,6.32,8.87,5.82,8.64,12438.4,65,561.6,80.0,1.35,1.07,14.59,0.02,0.0,26.0,123.04,438.56,none
159,2026-06-16,2026-06-23,23989.15,23824.1,14.35,56.326493959732616,402.91,24700.0,24900.0,23250.0,23050.0,10.87,5.77,12.41,7.52,9.99,12350.65,65,649.35,80.0,1.51,1.19,14.61,0.03,0.0,26.0,123.34,526.01,none
160,2026-06-30,2026-07-07,23865.75,24398.7,13.61,53.89038625129299,380.16,24550.0,24750.0,23200.0,23000.0,15.0,6.72,7.78,5.22,10.84,12295.4,65,704.6,80.0,1.48,1.13,14.6,0.02,0.0,26.0,123.24,581.36,none
161,2026-07-07,2026-07-14,24398.7,24052.05,11.82,64.11032609473654,337.54,25000.0,25200.0,23800.0,23600.0,6.78,3.51,10.22,5.32,8.17,12468.95,65,531.05,80.0,1.1,0.84,14.55,0.02,0.0,26.0,122.51,408.54,none
162,2026-07-14,2026-07-21,24052.05,24187.7,13.28,55.88648392044407,373.84,24700.0,24900.0,23400.0,23200.0,9.82,5.11,23.63,12.79,15.55,11989.25,65,1010.75,80.0,2.17,1.67,14.7,0.03,0.0,26.0,124.58,886.17,none
163,2026-07-21,2026-07-28,24187.7,23985.35,12.98,55.58227916136037,367.46,24850.0,25050.0,23550.0,23350.0,8.32,4.51,15.7,8.53,10.98,12286.3,65,713.7,80.0,1.56,1.2,14.62,0.03,0.0,26.0,123.41,590.29,none
164,2026-07-28,2026-08-04,23985.35,24614.9,12.66,49.54538979586155,355.4,24650.0,24850.0,23350.0,23150.0,7.43,3.36,10.32,6.42,7.97,12481.95,65,518.05,80.0,1.15,0.89,14.56,0.02,0.0,26.0,122.63,395.42,none
165,2026-08-04,2026-08-11,24614.9,24471.7,11.93,66.86891282851559,343.7,25250.0,25450.0,24000.0,23800.0,6.03,3.66,20.09,9.78,12.68,12175.8,65,824.2,80.0,1.7,1.29,14.63,0.03,0.0,26.0,123.64,700.56,none
166,2026-08-11,2026-08-18,24471.7,24154.9,12.25,60.20989418384112,350.86,25100.0,25300.0,23850.0,23650.0,6.68,3.26,8.87,4.86,7.43,12517.05,65,482.95,80.0,1.01,0.77,14.54,0.02,0.0,26.0,122.34,360.61,none
167,2026-08-18,2026-08-25,24154.9,24334.55,11.33,49.26186126854643,320.31,24750.0,24950.0,23600.0,23400.0,9.47,4.96,8.42,4.91,8.02,12478.7,65,521.3,80.0,1.16,0.9,14.56,0.02,0.0,26.0,122.65,398.65,none
168,2026-08-25,2026-09-01,24334.55,24055.8,11.53,47.85040777363575,328.39,24950.0,25150.0,23750.0,23550.0,4.24,2.21,8.37,5.87,4.53,12705.55,65,294.45,80.0,0.82,0.67,14.52,0.02,0.0,26.0,122.03,172.42,none
169,2026-09-01,2026-09-08,24055.8,23635.1,11.19,43.6984492682669,315.06,24600.0,24800.0,23500.0,23300.0,7.63,4.31,14.66,7.37,10.61,12310.35,65,689.65,80.0,1.45,1.1,14.6,0.02,0.0,26.0,123.18,566.47,none
