sess,expiry,spot,settle,vix,rsi,credit_pts,width,max_risk,lot,gross,costs,net,n_legs,oos,breach,ret_on_risk
2024-01-04,2024-01-11,21658.6,21647.2,14.1,65.63351030826476,4.3,200.0,9785.0,50,215.0,115.45,99.55,4,False,False,1.0173735309146652
2024-01-11,2024-01-18,21647.2,21462.25,12.97,63.88207452713414,9.12,200.0,9544.0,50,456.0,116.01,339.99,4,False,False,3.5623428331936298
2024-02-01,2024-02-08,21697.45,21717.95,16.05,55.517399350132656,10.1,200.0,9495.0,50,505.0,116.53,388.47,4,False,False,4.0913112164297
2024-02-08,2024-02-15,21717.95,21910.75,15.51,58.904552686444525,14.28,200.0,9286.0,50,714.0,116.96,597.04,4,False,False,6.429463708808959
2024-02-15,2024-02-22,21910.75,22217.45,15.44,55.504766979533684,8.57,200.0,9571.5,50,428.5,116.1,312.4,4,False,False,3.2638562398788067
2024-02-22,2024-02-29,22217.45,21982.8,15.93,58.42038149298274,8.16,200.0,9592.0,50,408.0,116.09,291.91,4,False,False,3.043265221017515
2024-02-29,2024-03-07,21982.8,22493.55,16.33,52.08323644086654,7.02,200.0,9649.0,50,351.0,115.91,235.09,4,False,False,2.4364182816872213
2024-03-14,2024-03-21,22146.65,22011.95,14.43,47.37572820191009,8.38,200.0,9581.0,50,419.0,115.94,303.06,4,False,False,3.163135372090596
2024-04-18,2024-04-25,21995.85,22570.35,12.62,45.22505324705644,16.84,200.0,9158.0,50,842.0,117.68,724.32,4,False,False,7.9091504695348345
2024-05-02,2024-05-09,22648.2,21957.5,12.87,57.747174753823145,8.47,200.0,4788.25,25,-2100.75,106.6,-2207.35,4,False,True,-46.09930559181329
2024-05-09,2024-05-16,21957.5,22403.85,17.08,47.328232384410605,7.51,200.0,4812.25,25,187.75,105.33,82.42,4,False,False,1.7127123486934386
2024-06-06,2024-06-13,22821.4,23398.9,18.89,51.29545931764194,9.71,200.0,4757.25,25,242.75,107.66,135.09,4,False,False,2.8396657732933943
2024-06-20,2024-06-27,23567.0,24044.5,13.71,61.63323149881307,6.68,200.0,4833.0,25,167.0,105.15,61.85,4,False,False,1.2797434305814195
2024-06-27,2024-07-04,24044.5,24302.15,14.05,66.6508491157643,10.43,200.0,4739.25,25,260.75,105.66,155.09,4,False,False,3.2724587223716837
2024-07-25,2024-08-01,24406.1,25010.9,11.76,60.54924205658766,14.72,200.0,4632.0,25,95.5,105.86,-10.36,4,False,True,-0.22366148531951638
2024-08-14,2024-08-22,24143.75,24811.5,16.17,45.72448596188364,7.35,200.0,4816.25,25,183.75,105.37,78.38,4,False,False,1.6274072151570205
2024-08-22,2024-08-29,24811.5,25151.95,13.33,59.621428656861966,4.63,200.0,4884.25,25,115.75,105.1,10.65,4,False,False,0.21804780672569996
2024-08-29,2024-09-05,25151.95,25145.1,13.95,65.4184616458731,3.84,200.0,4904.0,25,96.0,105.01,-9.01,4,False,False,-0.18372756933115825
2024-09-05,2024-09-12,25145.1,25388.9,14.38,66.04122497386456,3.88,200.0,4903.0,25,97.0,104.99,-7.99,4,False,False,-0.16296145217213953
2024-09-12,2024-09-19,25388.9,25415.8,13.63,52.87126375546594,8.72,200.0,4782.0,25,218.0,105.65,112.35,4,False,False,2.3494353826850687
2024-09-19,2024-09-26,25415.8,26216.05,13.37,62.954284327108226,8.17,200.0,4795.75,25,-1447.0,106.67,-1553.67,4,False,True,-32.39680967523328
2024-10-03,2024-10-10,25250.1,24998.45,11.99,60.78981739837023,20.04,200.0,4499.0,25,501.0,107.0,394.0,4,False,False,8.75750166703712
2024-10-10,2024-10-17,24998.45,24749.85,14.12,42.01056815954167,10.98,200.0,4725.5,25,274.5,105.62,168.88,4,False,False,3.5738017141043277
2024-10-17,2024-10-24,24749.85,24399.4,13.05,42.749864450158896,11.22,200.0,4719.5,25,280.5,105.72,174.78,4,False,False,3.7033584066108696
2024-11-07,2024-11-14,24199.35,23532.7,14.87,46.05006762928595,11.57,200.0,4710.75,25,289.25,105.73,183.52,4,False,False,3.8957703125829224
2024-11-28,2024-12-05,23914.15,24708.4,14.63,52.186298101050234,15.5,200.0,4612.5,25,-1072.5,106.81,-1179.31,4,False,True,-25.56769647696477
2024-12-05,2024-12-12,24708.4,24548.7,14.45,55.890984817066744,21.39,200.0,4465.25,25,534.75,107.02,427.73,4,False,False,9.579082918089693
2024-12-12,2024-12-19,24548.7,23951.7,13.27,58.28296645386396,12.05,200.0,4698.75,25,301.25,105.54,195.71,4,False,False,4.165150305932428
2025-01-02,2025-01-09,24188.65,23526.5,14.51,40.678719182310715,12.01,200.0,14099.25,75,900.75,128.46,772.29,4,False,False,5.477525400287249
2025-01-09,2025-01-16,23526.5,23311.8,14.47,42.63405923231433,13.33,200.0,14000.25,75,999.75,128.17,871.58,4,False,False,6.225460259638221
2025-01-30,2025-02-06,23249.5,23603.35,18.64,43.58672801076352,35.42,200.0,12343.5,75,2656.5,138.76,2517.74,4,False,False,20.397294122412603
2025-02-06,2025-02-13,23603.35,23031.4,14.08,55.61172802748801,16.55,200.0,13758.75,75,1241.25,129.25,1112.0,4,False,False,8.082129553920232
2025-02-13,2025-02-20,23031.4,22913.15,14.9,40.91065578931939,13.87,200.0,13959.75,75,1040.25,128.27,911.98,4,False,False,6.532925016565483
2025-03-20,2025-03-27,23190.65,23591.95,13.3,56.03034430433071,7.16,200.0,14463.0,75,537.0,127.0,410.0,4,False,False,2.8348198852243653
2025-04-30,2025-05-08,24334.2,24273.8,17.37,65.03992690743334,18.87,200.0,13584.75,75,1415.25,134.3,1280.95,4,False,False,9.42932332210751
2025-05-08,2025-05-15,24273.8,25062.1,19.06,65.04295910639829,15.08,200.0,13869.0,75,1131.0,140.59,990.41,4,False,False,7.141178167135337
2025-05-15,2025-05-22,25062.1,24609.7,17.23,61.49006904368925,11.86,200.0,14110.5,75,889.5,129.98,759.52,4,False,False,5.382658304099784
2025-05-22,2025-05-29,24609.7,24833.6,17.55,59.86782699237355,11.12,200.0,14166.0,75,834.0,128.65,705.35,4,False,False,4.979175490611324
2025-05-29,2025-06-05,24833.6,24750.9,18.02,56.052965904535746,9.09,200.0,14318.25,75,681.75,127.71,554.04,4,False,False,3.8694672882510077
2025-06-05,2025-06-12,24750.9,24888.2,15.75,52.34091238730007,12.81,200.0,14039.25,75,960.75,128.48,832.27,4,False,False,5.9281656783660095
2025-06-12,2025-06-19,24888.2,24793.25,13.67,62.540138423518954,13.01,200.0,14024.25,75,975.75,128.52,847.23,4,False,False,6.041178672656292
2025-06-19,2025-06-26,24793.25,25549.0,14.28,52.167620613579764,15.74,200.0,13819.5,75,1180.5,130.96,1049.54,4,False,False,7.594630775353667
2025-06-26,2025-07-03,25549.0,25405.3,12.96,60.94054446849849,13.09,200.0,14018.25,75,981.75,129.31,852.44,4,False,False,6.08093021596847
2025-07-03,2025-07-10,25405.3,25355.25,12.45,61.344148533251044,12.18,200.0,14086.5,75,913.5,128.1,785.4,4,False,False,5.575551059525077
2025-07-10,2025-07-17,25355.25,25111.45,11.94,60.61161780024753,8.76,200.0,14343.0,75,657.0,127.33,529.67,4,False,False,3.6928815450045316
2025-07-17,2025-07-24,25111.45,25062.1,11.24,51.047264820045,9.16,200.0,14313.0,75,687.0,127.29,559.71,4,False,False,3.9105009431984907
2025-07-24,2025-07-31,25062.1,24768.35,10.52,52.290459686342714,11.13,200.0,14165.25,75,834.75,127.93,706.82,4,False,False,4.989816628721696
2025-07-31,2025-08-07,24768.35,24596.15,11.21,43.253072706755916,17.72,200.0,13671.0,75,1329.0,129.79,1199.21,4,False,False,8.771925974690951
2025-09-02,2025-09-09,24579.6,24868.6,11.29,45.49939848687614,11.4,200.0,14145.0,75,855.0,127.62,727.38,4,False,False,5.142311770943796
2025-09-09,2025-09-16,24868.6,25239.1,10.84,50.387692355409506,7.62,200.0,14428.5,75,571.5,126.83,444.67,4,False,False,3.081886543992792
2025-09-16,2025-09-23,25239.1,25169.5,10.4,59.00735048227971,8.96,200.0,14328.0,75,672.0,127.23,544.77,4,False,False,3.8021356783919593
2025-10-07,2025-10-14,25108.3,25145.5,10.19,55.258740519054015,6.79,200.0,14490.75,75,509.25,126.54,382.71,4,False,False,2.6410641271155737
2025-11-11,2025-11-18,25694.95,25910.05,12.3,52.07867877762285,10.4,200.0,14220.0,75,780.0,127.67,652.33,4,False,False,4.5874120956399445
2025-11-18,2025-11-25,25910.05,25884.8,11.79,65.1207621696002,12.37,200.0,14072.25,75,927.75,128.2,799.55,4,False,False,5.681749542539395
2025-11-25,2025-12-02,25884.8,26032.2,13.24,57.376222612463465,4.94,200.0,14629.5,75,370.5,126.25,244.25,4,False,False,1.6695717556991012
2025-12-02,2025-12-09,26032.2,25839.65,11.63,61.66021502830133,8.23,200.0,14382.75,75,617.25,126.77,490.48,4,False,False,3.4101962420260383
2025-12-09,2025-12-16,25839.65,25860.1,11.13,51.16205784765629,7.42,200.0,14443.5,75,556.5,126.87,429.63,4,False,False,2.9745560286634127
2025-12-16,2025-12-23,25860.1,26177.15,10.25,53.67667329588778,8.36,200.0,14373.0,75,627.0,127.07,499.93,4,False,False,3.4782578445696792
2025-12-30,2026-01-06,25938.85,26178.7,9.72,49.059957733449686,5.54,200.0,12639.9,65,360.1,121.98,238.12,4,False,False,1.8838756635732878
2026-01-06,2026-01-13,26178.7,25732.3,10.02,58.7850455287297,4.45,200.0,12710.75,65,289.25,121.83,167.42,4,False,False,1.3171528037291267
2026-02-10,2026-02-17,25935.15,25725.4,12.19,56.03380116923706,6.23,200.0,12595.05,65,404.95,123.38,281.57,4,False,False,2.235560795709426
2026-02-17,2026-02-24,25725.4,25424.65,13.33,50.31798452442426,8.28,200.0,12461.8,65,538.2,123.62,414.58,4,False,False,3.326806721340416
2026-04-13,2026-04-21,23842.65,24576.6,18.85,54.22788185576764,27.41,200.0,11218.35,65,1781.65,130.7,1650.95,4,False,False,14.716513569286036
2026-04-21,2026-04-28,24576.6,23995.7,18.79,57.23931796624087,15.25,200.0,12008.75,65,991.25,125.56,865.69,4,False,False,7.208826897054232
2026-05-05,2026-05-12,24032.8,23379.55,18.3,52.17498042775994,10.2,200.0,12337.0,65,663.0,123.26,539.74,4,False,False,4.374969603631353
2026-05-12,2026-05-19,23379.55,23618.0,18.55,46.09430097908129,16.64,200.0,11918.4,65,1081.6,126.11,955.49,4,False,False,8.016931802926567
2026-05-19,2026-05-26,23618.0,23913.7,19.63,45.25379394589898,10.03,200.0,12348.05,65,651.95,123.73,528.22,4,False,False,4.277760456104406
2026-06-02,2026-06-09,23483.55,23242.1,16.54,40.259951611074705,8.64,200.0,12438.4,65,561.6,123.04,438.56,4,False,False,3.525855415487523
2026-06-16,2026-06-23,23989.15,23824.1,14.35,56.326493959732616,9.99,200.0,12350.65,65,649.35,123.34,526.01,4,False,False,4.258966127288847
2026-06-30,2026-07-07,23865.75,24398.7,13.61,53.89038625129299,10.84,200.0,12295.4,65,704.6,123.24,581.36,4,True,False,4.728272362021569
2026-07-07,2026-07-14,24398.7,24052.05,11.82,64.11032609473654,8.17,200.0,12468.95,65,531.05,122.51,408.54,4,True,False,3.2764587234690974
2026-07-14,2026-07-21,24052.05,24187.7,13.28,55.88648392044407,15.55,200.0,11989.25,65,1010.75,124.58,886.17,4,True,False,7.391371436912234
2026-07-21,2026-07-28,24187.7,23985.35,12.98,55.58227916136037,10.98,200.0,12286.3,65,713.7,123.41,590.29,4,True,False,4.804456996817594
2026-07-28,2026-08-04,23985.35,24614.9,12.66,49.54538979586155,7.97,200.0,12481.95,65,518.05,122.63,395.42,4,True,False,3.167934497414266
2026-08-04,2026-08-11,24614.9,24471.7,11.93,66.86891282851559,12.68,200.0,12175.8,65,824.2,123.64,700.56,4,True,False,5.753708175232839
2026-08-11,2026-08-18,24471.7,24154.9,12.25,60.20989418384112,7.43,200.0,12517.05,65,482.95,122.34,360.61,4,True,False,2.8809503836766654
2026-08-18,2026-08-25,24154.9,24334.55,11.33,49.26186126854643,8.02,200.0,12478.7,65,521.3,122.65,398.65,4,True,False,3.194643672818483
2026-08-25,2026-09-01,24334.55,24055.8,11.53,47.85040777363575,4.53,200.0,12705.55,65,294.45,122.03,172.42,4,True,False,1.3570447560318128
2026-09-01,2026-09-08,24055.8,23635.1,11.19,43.6984492682669,10.61,200.0,12310.35,65,689.65,123.18,566.47,4,True,False,4.6015750973774106
