trade_idx,signal_date,expiry_date,type,gross_payoff,statutory_costs,reconstructed_net,discrepancy
0,2021-09-23,2021-09-30,BULL_CALL,-4292.5,53.68,-4346.18,0.0
1,2021-10-08,2021-10-14,BULL_CALL,9072.5,90.65,8981.85,0.0
2,2021-10-28,2021-11-03,BEAR_PUT,-3327.5,53.89,-3381.39,0.0
3,2021-11-12,2021-11-18,BULL_CALL,-3900.0,51.27,-3951.27,0.0
4,2021-11-18,2021-11-25,BEAR_PUT,5362.5,66.3,5296.2,0.0
5,2021-11-26,2021-12-02,BEAR_PUT,-3772.5,56.45,-3828.95,0.0
6,2021-12-06,2021-12-09,BEAR_PUT,-3080.0,52.28,-3132.28,0.0
7,2021-12-20,2021-12-23,BEAR_PUT,-2885.0,53.57,-2938.57,0.0
8,2021-12-31,2022-01-06,BULL_CALL,8445.0,86.37,8358.63,0.0
9,2022-01-10,2022-01-13,BULL_CALL,6737.5,70.39,6667.11,0.0
10,2022-01-17,2022-01-20,BULL_CALL,-3625.0,50.84,-3675.84,0.0
11,2022-01-21,2022-01-27,BEAR_PUT,9022.5,100.08,8922.42,0.0
12,2022-01-27,2022-02-03,BEAR_PUT,-4717.5,62.16,-4779.66,0.0
13,2022-02-14,2022-02-17,BEAR_PUT,-3717.5,57.07,-3774.57,0.0
14,2022-03-29,2022-03-31,BULL_CALL,137.5,56.12,81.38,0.0
15,2022-04-01,2022-04-07,BULL_CALL,-4537.5,52.97,-4590.47,0.0
16,2022-04-18,2022-04-21,BEAR_PUT,-2947.5,51.63,-2999.13,0.0
17,2022-04-25,2022-04-28,BEAR_PUT,-3557.5,53.64,-3611.14,0.0
18,2022-05-06,2022-05-12,BEAR_PUT,8702.5,115.21,8587.29,0.0
19,2022-05-27,2022-06-02,BULL_CALL,7120.0,74.72,7045.28,0.0
20,2022-06-10,2022-06-16,BEAR_PUT,8770.0,142.63,8627.37,0.0
21,2022-06-27,2022-06-30,BULL_CALL,-3550.0,51.55,-3601.55,0.0
22,2022-07-18,2022-07-21,BULL_CALL,9640.0,73.31,9566.69,0.0
23,2022-07-28,2022-08-04,BULL_CALL,8670.0,91.69,8578.31,0.0
24,2022-08-05,2022-08-11,BULL_CALL,6302.5,71.87,6230.63,0.0
25,2022-08-29,2022-09-01,BEAR_PUT,-3160.0,51.95,-3211.95,0.0
26,2022-09-08,2022-09-15,BULL_CALL,-3105.0,56.53,-3161.53,0.0
27,2022-09-16,2022-09-22,BEAR_PUT,-4077.5,55.33,-4132.83,0.0
28,2022-09-23,2022-09-29,BEAR_PUT,8117.5,108.15,8009.35,0.0
29,2022-10-18,2022-10-20,BULL_CALL,-2070.0,50.73,-2120.73,0.0
30,2022-10-27,2022-11-03,BULL_CALL,8362.5,76.07,8286.43,0.0
31,2022-11-07,2022-11-10,BULL_CALL,-2952.5,49.7,-3002.2,0.0
32,2022-11-11,2022-11-17,BULL_CALL,-3875.0,51.16,-3926.16,0.0
33,2022-11-24,2022-12-01,BULL_CALL,8990.0,75.3,8914.7,0.0
34,2022-12-09,2022-12-15,BEAR_PUT,-867.5,53.42,-920.92,0.0
35,2022-12-15,2022-12-22,BEAR_PUT,8272.5,71.77,8200.73,0.0
36,2023-01-12,2023-01-19,BEAR_PUT,-3330.0,52.64,-3382.64,0.0
37,2023-01-27,2023-02-02,BEAR_PUT,-3870.0,56.25,-3926.25,0.0
38,2023-02-09,2023-02-16,BULL_CALL,445.0,59.28,385.72,0.0
39,2023-03-13,2023-03-16,BEAR_PUT,2657.5,62.18,2595.32,0.0
40,2023-03-24,2023-03-29,BEAR_PUT,-2995.0,51.53,-3046.53,0.0
41,2023-03-31,2023-04-06,BULL_CALL,6490.0,68.56,6421.44,0.0
42,2023-04-27,2023-05-04,BULL_CALL,9022.5,79.99,8942.51,0.0
43,2023-05-04,2023-05-11,BULL_CALL,-3097.5,50.1,-3147.6,0.0
44,2023-05-15,2023-05-18,BULL_CALL,-2397.5,48.95,-2446.45,0.0
45,2023-05-26,2023-06-01,BULL_CALL,-2937.5,49.59,-2987.09,0.0
46,2023-06-16,2023-06-22,BULL_CALL,-2682.5,49.34,-2731.84,0.0
47,2023-07-14,2023-07-20,BULL_CALL,9472.5,88.45,9384.05,0.0
48,2023-08-17,2023-08-24,BEAR_PUT,-2530.0,50.24,-2580.24,0.0
49,2023-08-25,2023-08-31,BEAR_PUT,-2717.5,50.26,-2767.76,0.0
50,2023-08-31,2023-09-07,BEAR_PUT,-1805.0,49.68,-1854.68,0.0
51,2023-09-22,2023-09-28,BEAR_PUT,1885.0,56.52,1828.48,0.0
52,2023-09-28,2023-10-05,BEAR_PUT,-2202.5,50.71,-2253.21,0.0
53,2023-10-17,2023-10-19,BULL_CALL,-2300.0,48.9,-2348.9,0.0
54,2023-10-23,2023-10-26,BEAR_PUT,9330.0,90.86,9239.14,0.0
55,2023-11-13,2023-11-16,BULL_CALL,10582.5,73.54,10508.96,0.0
56,2023-11-21,2023-11-23,BULL_CALL,-1970.0,48.74,-2018.74,0.0
57,2023-11-28,2023-11-30,BULL_CALL,6647.5,65.77,6581.73,0.0
58,2023-12-08,2023-12-14,BULL_CALL,5072.5,69.23,5003.27,0.0
59,2023-12-14,2023-12-21,BULL_CALL,-4385.0,54.31,-4439.31,0.0
60,2024-01-12,2024-01-18,BULL_CALL,-4292.5,52.72,-4345.22,0.0
61,2024-01-18,2024-01-25,BEAR_PUT,-830.0,57.8,-887.8,0.0
62,2024-02-02,2024-02-08,BULL_CALL,-4642.5,55.04,-4697.54,0.0
63,2024-02-16,2024-02-22,BULL_CALL,1495.0,64.59,1430.41,0.0
64,2024-02-22,2024-02-29,BULL_CALL,-5097.5,55.96,-5153.46,0.0
65,2024-03-01,2024-03-07,BULL_CALL,12.5,62.52,-50.02,0.0
66,2024-03-19,2024-03-21,BEAR_PUT,-2780.0,50.3,-2830.3,0.0
67,2024-03-28,2024-04-04,BULL_CALL,1110.0,63.88,1046.12,0.0
68,2024-04-04,2024-04-10,BULL_CALL,5572.5,72.02,5500.48,0.0
69,2024-04-10,2024-04-18,BULL_CALL,-4230.0,52.6,-4282.6,0.0
70,2024-04-29,2024-05-02,BULL_CALL,-1817.5,48.79,-1866.29,0.0
71,2024-05-02,2024-05-09,BULL_CALL,-2613.75,51.01,-2664.76,0.0
72,2024-05-09,2024-05-16,BEAR_PUT,-1686.25,50.82,-1737.07,0.0
73,2024-05-21,2024-05-23,BULL_CALL,4743.75,67.25,4676.5,0.0
74,2024-06-04,2024-06-06,BEAR_PUT,-2741.25,58.71,-2799.96,0.0
75,2024-06-07,2024-06-13,BULL_CALL,-1297.5,54.82,-1352.32,0.0
76,2024-06-20,2024-06-27,BULL_CALL,3923.75,73.82,3849.93,0.0
77,2024-07-01,2024-07-04,BULL_CALL,656.25,54.1,602.15,0.0
78,2024-07-09,2024-07-11,BULL_CALL,-1315.0,48.23,-1363.23,0.0
79,2024-07-12,2024-07-18,BULL_CALL,4238.75,61.03,4177.72,0.0
80,2024-07-26,2024-08-01,BULL_CALL,563.75,55.09,508.66,0.0
81,2024-08-05,2024-08-08,BEAR_PUT,-1541.25,53.61,-1594.86,0.0
82,2024-08-20,2024-08-22,BULL_CALL,241.25,51.11,190.14,0.0
83,2024-09-12,2024-09-19,BULL_CALL,-1597.5,49.6,-1647.1,0.0
84,2024-09-20,2024-09-26,BULL_CALL,4501.25,67.84,4433.41,0.0
85,2024-10-03,2024-10-10,BEAR_PUT,3553.75,60.94,3492.81,0.0
86,2024-10-17,2024-10-24,BEAR_PUT,4643.75,65.81,4577.94,0.0
87,2024-11-04,2024-11-07,BEAR_PUT,-2133.75,53.35,-2187.1,0.0
88,2024-11-12,2024-11-14,BEAR_PUT,4632.5,64.92,4567.58,0.0
89,2024-11-21,2024-11-28,BEAR_PUT,-2005.0,53.47,-2058.47,0.0
90,2024-12-02,2024-12-05,BULL_CALL,3935.0,68.85,3866.15,0.0
91,2024-12-13,2024-12-19,BULL_CALL,-2181.25,50.86,-2232.11,0.0
92,2025-01-09,2025-01-16,BEAR_PUT,8478.75,87.45,8391.3,0.0
93,2025-01-21,2025-01-23,BEAR_PUT,-3742.5,53.32,-3795.82,0.0
94,2025-01-27,2025-01-30,BEAR_PUT,-1963.75,51.37,-2015.12,0.0
95,2025-01-31,2025-02-06,BULL_CALL,-4897.5,82.46,-4979.96,0.0
96,2025-02-20,2025-02-27,BEAR_PUT,13376.25,103.56,13272.69,0.0
97,2025-03-18,2025-03-20,BULL_CALL,14313.75,92.99,14220.76,0.0
98,2025-04-04,2025-04-09,BEAR_PUT,13440.0,127.44,13312.56,0.0
99,2025-04-17,2025-04-24,BULL_CALL,11733.75,115.51,11618.24,0.0
100,2025-05-02,2025-05-08,BULL_CALL,-6416.25,59.42,-6475.67,0.0
101,2025-05-09,2025-05-15,BEAR_PUT,-5407.5,75.22,-5482.72,0.0
102,2025-05-15,2025-05-22,BULL_CALL,-7061.25,63.92,-7125.17,0.0
103,2025-06-03,2025-06-05,BEAR_PUT,-5043.75,55.73,-5099.48,0.0
104,2025-06-06,2025-06-12,BULL_CALL,-7140.0,61.88,-7201.88,0.0
105,2025-07-10,2025-07-17,BEAR_PUT,9330.0,82.35,9247.65,0.0
106,2025-07-18,2025-07-24,BEAR_PUT,-3795.0,54.12,-3849.12,0.0
107,2025-07-25,2025-07-31,BEAR_PUT,-2512.5,59.83,-2572.33,0.0
108,2025-08-01,2025-08-07,BEAR_PUT,-5107.5,58.5,-5166.0,0.0
109,2025-08-08,2025-08-14,BEAR_PUT,-4248.75,55.15,-4303.9,0.0
110,2025-08-18,2025-08-21,BULL_CALL,4282.5,73.55,4208.95,0.0
111,2025-08-29,2025-09-02,BEAR_PUT,-3551.25,51.54,-3602.79,0.0
112,2025-09-10,2025-09-16,BULL_CALL,11325.0,89.32,11235.68,0.0
113,2025-09-16,2025-09-23,BULL_CALL,-6446.25,56.96,-6503.21,0.0
114,2025-09-25,2025-09-30,BEAR_PUT,15041.25,84.05,14957.2,0.0
115,2025-10-09,2025-10-14,BULL_CALL,-4218.75,51.48,-4270.23,0.0
116,2025-10-15,2025-10-20,BULL_CALL,11400.0,134.63,11265.37,0.0
117,2025-10-29,2025-11-04,BULL_CALL,-7721.25,61.69,-7782.94,0.0
118,2025-11-04,2025-11-11,BEAR_PUT,-4980.0,56.68,-5036.68,0.0
119,2025-11-14,2025-11-18,BULL_CALL,-5088.75,54.15,-5142.9,0.0
120,2025-11-19,2025-11-25,BULL_CALL,-6577.5,58.09,-6635.59,0.0
121,2025-11-26,2025-12-02,BULL_CALL,-6453.75,56.78,-6510.53,0.0
122,2025-12-09,2025-12-16,BEAR_PUT,-4923.75,55.54,-4979.29,0.0
123,2026-01-02,2026-01-06,BULL_CALL,-2132.0,48.91,-2180.91,0.0
124,2026-01-08,2026-01-13,BEAR_PUT,4329.0,65.59,4263.41,0.0
125,2026-01-14,2026-01-20,BEAR_PUT,12460.5,102.26,12358.24,0.0
126,2026-02-03,2026-02-10,BULL_CALL,3064.75,78.65,2986.1,0.0
127,2026-02-19,2026-02-24,BEAR_PUT,-4504.5,57.58,-4562.08,0.0
128,2026-02-24,2026-03-02,BEAR_PUT,11869.0,126.09,11742.91,0.0
129,2026-03-06,2026-03-10,BEAR_PUT,3607.5,85.06,3522.44,0.0
130,2026-03-11,2026-03-17,BEAR_PUT,8739.25,101.28,8637.97,0.0
131,2026-03-19,2026-03-24,BEAR_PUT,-3217.5,76.99,-3294.49,0.0
132,2026-04-15,2026-04-21,BULL_CALL,9769.5,97.51,9671.99,0.0
133,2026-05-29,2026-06-02,BEAR_PUT,-1735.5,53.57,-1789.07,0.0
134,2026-06-05,2026-06-09,BEAR_PUT,-256.75,60.26,-317.01,0.0
135,2026-06-12,2026-06-16,BULL_CALL,10279.75,101.95,10177.8,0.0
136,2026-07-02,2026-07-07,BULL_CALL,5213.0,69.96,5143.04,0.0
137,2026-07-23,2026-07-28,BEAR_PUT,-4192.5,54.2,-4246.7,0.0
138,2026-07-31,2026-08-04,BULL_CALL,7533.5,69.75,7463.75,0.0
139,2026-08-14,2026-08-18,BEAR_PUT,7491.25,66.76,7424.49,0.0
140,2026-09-01,2026-09-08,BEAR_PUT,10816.0,105.14,10710.86,0.0
