entry,expiry,yr,spot,settle,vix,credit,gross_pts,width,sp,sc,breach
2019-05-23,2019-05-30,2019,11657.05,11945.9,27.63,9.38,9.38,200.0,11000.0,12350.0,False
2019-06-20,2019-06-27,2019,11831.75,11841.55,14.73,5.91,5.91,200.0,11450.0,12200.0,False
2019-07-04,2019-07-11,2019,11946.75,11582.9,13.7,12.34,-4.76,200.0,11600.0,12300.0,True
2019-07-11,2019-07-18,2019,11582.9,11596.9,13.64,2.87,2.87,200.0,11250.0,11900.0,False
2019-07-18,2019-07-25,2019,11596.9,11252.15,11.8,4.66,-43.19,200.0,11300.0,11900.0,True
2019-08-22,2019-08-29,2019,10741.35,10948.3,17.02,11.13,11.13,200.0,10350.0,11150.0,False
2019-09-12,2019-09-19,2019,10982.8,10704.8,15.37,4.16,4.16,200.0,10650.0,11350.0,False
2019-09-19,2019-09-26,2019,10704.8,11571.2,15.35,7.73,-192.27,200.0,10350.0,11050.0,True
2019-10-31,2019-11-07,2019,11877.45,12012.05,16.66,6.05,6.05,200.0,11450.0,12300.0,False
2019-11-21,2019-11-28,2019,11968.4,12151.15,15.16,5.19,5.19,200.0,11600.0,12350.0,False
2019-12-05,2019-12-12,2019,12018.4,11971.8,13.32,2.77,2.77,200.0,11700.0,12350.0,False
2019-12-12,2019-12-19,2019,11971.8,12259.7,13.38,3.27,3.27,200.0,11650.0,12300.0,False
2020-01-02,2020-01-09,2020,12282.2,12215.9,11.6,2.52,2.52,200.0,12000.0,12600.0,False
2020-01-09,2020-01-16,2020,12215.9,12355.5,15.64,4.79,4.79,200.0,11800.0,12600.0,False
2020-01-16,2020-01-23,2020,12355.5,12180.35,14.12,2.22,2.22,200.0,12000.0,12700.0,False
2020-01-23,2020-01-30,2020,12180.35,12035.8,16.36,2.91,2.91,200.0,11750.0,12600.0,False
2020-01-30,2020-02-06,2020,12035.8,12137.95,16.5,30.84,30.84,200.0,11600.0,12450.0,False
2020-02-06,2020-02-13,2020,12137.95,12174.65,14.17,5.75,5.75,200.0,11800.0,12500.0,False
2020-02-13,2020-02-20,2020,12174.65,12080.85,13.62,4.76,4.76,200.0,11850.0,12500.0,False
2020-02-27,2020-03-05,2020,11633.3,11269.0,18.26,11.36,11.36,200.0,11200.0,12100.0,False
2020-06-11,2020-06-18,2020,9902.0,10091.65,29.44,16.87,16.87,200.0,9300.0,10500.0,False
2020-06-25,2020-07-02,2020,10288.9,10551.7,29.58,13.22,13.22,200.0,9650.0,10950.0,False
2020-07-02,2020-07-09,2020,10551.7,10813.45,28.12,6.73,6.73,200.0,9950.0,11200.0,False
2020-07-09,2020-07-16,2020,10813.45,10739.95,26.1,5.83,5.83,200.0,10200.0,11400.0,False
2020-07-16,2020-07-23,2020,10739.95,11215.45,26.29,6.27,6.27,200.0,10150.0,11350.0,False
2020-07-23,2020-07-30,2020,11215.45,11102.15,24.89,7.75,7.75,200.0,10650.0,11800.0,False
2020-07-30,2020-08-06,2020,11102.15,11200.15,24.11,7.22,7.22,200.0,10550.0,11650.0,False
2020-08-06,2020-08-13,2020,11200.15,11300.45,23.57,5.03,5.03,200.0,10650.0,11750.0,False
2020-08-13,2020-08-20,2020,11300.45,11312.2,20.85,4.38,4.38,200.0,10800.0,11800.0,False
2020-08-20,2020-08-27,2020,11312.2,11559.25,19.96,10.04,10.04,200.0,10850.0,11800.0,False
2020-08-27,2020-09-03,2020,11559.25,11527.45,19.3,6.62,6.62,200.0,11100.0,12050.0,False
2020-09-03,2020-09-10,2020,11527.45,11449.25,21.11,5.02,5.02,200.0,11000.0,12050.0,False
2020-09-10,2020-09-17,2020,11449.25,11516.1,22.23,6.22,6.22,200.0,10900.0,12000.0,False
2020-09-17,2020-09-24,2020,11516.1,10805.55,19.66,9.15,-190.85,200.0,11050.0,12000.0,True
2020-09-24,2020-10-01,2020,10805.55,11416.95,20.99,18.22,-98.73,200.0,10350.0,11300.0,True
2020-10-08,2020-10-15,2020,11834.6,11680.35,20.06,10.95,10.95,200.0,11350.0,12350.0,False
2020-10-15,2020-10-22,2020,11680.35,11896.45,20.21,14.4,14.4,200.0,11200.0,12200.0,False
2020-10-22,2020-10-29,2020,11896.45,11670.8,22.92,6.73,6.73,200.0,11300.0,12450.0,False
2020-10-29,2020-11-05,2020,11670.8,12120.3,23.28,21.58,21.58,200.0,11100.0,12250.0,False
2020-11-05,2020-11-12,2020,12120.3,12690.8,23.2,8.3,8.3,200.0,11550.0,12700.0,False
2020-11-19,2020-11-26,2020,12771.7,12987.0,19.12,6.22,6.22,200.0,12250.0,13300.0,False
2020-12-03,2020-12-10,2020,13133.9,13478.3,19.91,4.9,4.9,200.0,12600.0,13700.0,False
2020-12-10,2020-12-17,2020,13478.3,13740.7,18.92,7.44,7.44,200.0,12950.0,14000.0,False
2020-12-17,2020-12-24,2020,13740.7,13749.25,19.2,3.99,3.99,200.0,13200.0,14300.0,False
2020-12-31,2021-01-07,2021,13981.75,14137.35,21.11,7.07,7.07,200.0,13350.0,14600.0,False
2021-01-07,2021-01-14,2021,14137.35,14595.6,21.0,5.87,5.87,200.0,13500.0,14750.0,False
2021-01-14,2021-01-21,2021,14595.6,14590.35,23.29,4.41,4.41,200.0,13900.0,15300.0,False
2021-01-28,2021-02-04,2021,13817.55,14895.65,24.39,24.39,-175.61,200.0,13100.0,14550.0,True
2021-02-04,2021-02-11,2021,14895.65,15173.3,23.75,7.33,7.33,200.0,14150.0,15650.0,False
2021-02-18,2021-02-25,2021,15118.95,15097.35,21.51,7.54,7.54,200.0,14450.0,15800.0,False
2021-02-25,2021-03-04,2021,15097.35,15080.75,24.17,5.12,5.12,200.0,14350.0,15850.0,False
2021-03-10,2021-03-18,2021,15174.8,14557.85,22.5,7.89,7.89,200.0,14450.0,15900.0,False
2021-03-18,2021-03-25,2021,14557.85,14324.9,20.16,23.65,23.65,200.0,13950.0,15200.0,False
2021-04-22,2021-04-29,2021,14406.15,14894.9,22.43,18.51,18.51,200.0,13750.0,15100.0,False
2021-04-29,2021-05-06,2021,14894.9,14724.8,22.58,15.92,15.92,200.0,14200.0,15600.0,False
2021-05-12,2021-05-20,2021,14696.5,14906.05,19.83,11.53,11.53,200.0,14100.0,15300.0,False
2021-05-20,2021-05-27,2021,14906.05,15337.85,19.32,10.15,10.15,200.0,14300.0,15500.0,False
2021-05-27,2021-06-03,2021,15337.85,15690.35,20.87,3.8,3.8,200.0,14650.0,16000.0,False
2021-06-03,2021-06-10,2021,15690.35,15737.75,17.21,4.38,4.38,200.0,15100.0,16250.0,False
2021-06-10,2021-06-17,2021,15737.75,15691.4,14.75,5.42,5.42,200.0,15250.0,16250.0,False
2021-06-17,2021-06-24,2021,15691.4,15790.45,14.87,9.19,9.19,200.0,15200.0,16200.0,False
2021-06-24,2021-07-01,2021,15790.45,15680.0,15.37,8.32,8.32,200.0,15300.0,16300.0,False
2021-07-01,2021-07-08,2021,15680.0,15727.9,13.05,5.44,5.44,200.0,15250.0,16100.0,False
2021-07-08,2021-07-15,2021,15727.9,15924.2,12.21,9.71,9.71,200.0,15300.0,16150.0,False
2021-07-22,2021-07-29,2021,15824.05,15778.45,13.21,4.84,4.84,200.0,15400.0,16250.0,False
2021-07-29,2021-08-05,2021,15778.45,16294.6,13.69,3.55,-41.05,200.0,15300.0,16250.0,True
2021-08-05,2021-08-12,2021,16294.6,16364.4,13.21,9.4,9.4,200.0,15850.0,16750.0,False
2021-08-18,2021-08-26,2021,16568.85,16636.9,13.41,6.67,6.67,200.0,16100.0,17050.0,False
2021-08-26,2021-09-02,2021,16636.9,17234.15,13.5,5.84,-128.31,200.0,16150.0,17100.0,True
2021-09-02,2021-09-09,2021,17234.15,17369.25,14.19,8.46,8.46,200.0,16700.0,17750.0,False
2021-09-16,2021-09-23,2021,17629.5,17822.95,13.73,8.24,8.24,200.0,17100.0,18150.0,False
2021-09-23,2021-09-30,2021,17822.95,17618.15,16.49,7.19,7.19,200.0,17200.0,18450.0,False
2021-09-30,2021-10-07,2021,17618.15,17790.35,18.84,8.16,8.16,200.0,16900.0,18300.0,False
2021-10-07,2021-10-14,2021,17790.35,18338.55,17.33,4.68,4.68,200.0,17150.0,18450.0,False
2021-10-21,2021-10-28,2021,18178.1,17857.25,18.31,8.55,8.55,200.0,17500.0,18900.0,False
2021-11-03,2021-11-11,2021,17829.2,17873.6,17.06,6.97,6.97,200.0,17200.0,18450.0,False
2021-11-11,2021-11-18,2021,17873.6,17764.8,16.31,5.93,5.93,200.0,17250.0,18500.0,False
2021-11-25,2021-12-02,2021,17536.25,17401.65,17.1,4.45,4.45,200.0,16900.0,18150.0,False
2021-12-02,2021-12-09,2021,17401.65,17516.85,19.45,7.58,7.58,200.0,16700.0,18100.0,False
2021-12-09,2021-12-16,2021,17516.85,17248.4,17.27,8.75,8.75,200.0,16900.0,18150.0,False
2021-12-16,2021-12-23,2021,17248.4,17072.6,17.22,8.97,8.97,200.0,16600.0,17850.0,False
2021-12-23,2021-12-30,2021,17072.6,17203.95,16.58,12.71,12.71,200.0,16500.0,17650.0,False
2021-12-30,2022-01-06,2022,17203.95,17745.9,16.24,9.69,9.69,200.0,16600.0,17800.0,False
2022-01-06,2022-01-13,2022,17745.9,18257.8,17.23,12.17,12.17,200.0,17100.0,18400.0,False
2022-01-13,2022-01-20,2022,18257.8,17757.0,17.18,6.63,6.63,200.0,17600.0,18900.0,False
2022-01-27,2022-02-03,2022,17110.15,17560.2,21.36,32.91,32.91,200.0,16350.0,17900.0,False
2022-02-03,2022-02-10,2022,17560.2,17605.85,18.65,15.3,15.3,200.0,16850.0,18250.0,False
2022-02-10,2022-02-17,2022,17605.85,17304.6,18.56,6.18,6.18,200.0,16900.0,18300.0,False
2022-02-17,2022-02-24,2022,17304.6,16247.95,20.59,20.67,-179.33,200.0,16550.0,18050.0,True
2022-03-03,2022-03-10,2022,16498.05,16594.9,29.23,19.5,19.5,200.0,15500.0,17500.0,False
2022-03-10,2022-03-17,2022,16594.9,17287.05,27.47,18.49,18.49,200.0,15650.0,17550.0,False
2022-03-24,2022-03-31,2022,17222.75,17464.75,24.75,10.62,10.62,200.0,16300.0,18100.0,False
2022-03-31,2022-04-07,2022,17464.75,17639.55,20.61,10.49,10.49,200.0,16700.0,18200.0,False
2022-04-21,2022-04-28,2022,17392.6,17245.05,18.67,9.49,9.49,200.0,16700.0,18100.0,False
2022-05-05,2022-05-12,2022,16682.65,15808.0,21.88,10.24,-81.76,200.0,15900.0,17450.0,True
2022-05-12,2022-05-19,2022,15808.0,15809.4,22.8,17.89,17.89,200.0,15050.0,16550.0,False
2022-05-19,2022-05-26,2022,15809.4,16170.15,22.3,19.77,19.77,200.0,15050.0,16550.0,False
2022-05-26,2022-06-02,2022,16170.15,16628.0,25.28,8.07,8.07,200.0,15300.0,17050.0,False
2022-06-02,2022-06-09,2022,16628.0,16478.1,20.85,11.64,11.64,200.0,15900.0,17350.0,False
2022-06-09,2022-06-16,2022,16478.1,15360.6,19.84,8.52,-191.48,200.0,15800.0,17150.0,True
2022-06-16,2022-06-23,2022,15360.6,15556.65,22.15,21.85,21.85,200.0,14650.0,16100.0,False
2022-06-23,2022-06-30,2022,15556.65,15780.25,21.3,13.41,13.41,200.0,14850.0,16250.0,False
2022-06-30,2022-07-07,2022,15780.25,16132.9,21.9,14.56,14.56,200.0,15050.0,16500.0,False
2022-07-07,2022-07-14,2022,16132.9,15938.65,20.27,9.11,9.11,200.0,15450.0,16800.0,False
2022-07-14,2022-07-21,2022,15938.65,16605.25,18.52,9.96,-45.29,200.0,15300.0,16550.0,True
2022-07-21,2022-07-28,2022,16605.25,16929.6,16.82,9.57,9.57,200.0,16000.0,17200.0,False
2022-07-28,2022-08-04,2022,16929.6,17382.0,18.13,8.42,8.42,200.0,16300.0,17600.0,False
2022-08-18,2022-08-25,2022,17956.5,17522.45,17.68,4.58,4.58,200.0,17300.0,18650.0,False
2022-09-01,2022-09-08,2022,17542.8,17798.75,18.7,15.87,15.87,200.0,16850.0,18250.0,False
2022-09-08,2022-09-15,2022,17798.75,17877.4,19.37,5.34,5.34,200.0,17050.0,18550.0,False
2022-09-15,2022-09-22,2022,17877.4,17629.8,18.28,9.85,9.85,200.0,17200.0,18550.0,False
2022-09-22,2022-09-29,2022,17629.8,16818.1,19.33,10.16,-71.74,200.0,16900.0,18350.0,True
2022-10-06,2022-10-13,2022,17331.8,17014.35,19.57,6.72,6.72,200.0,16600.0,18050.0,False
2022-10-13,2022-10-20,2022,17014.35,17563.95,20.18,13.08,13.08,200.0,16300.0,17750.0,False
2022-10-27,2022-11-03,2022,17736.95,18052.7,16.88,7.79,7.79,200.0,17100.0,18350.0,False
2022-11-10,2022-11-17,2022,18028.2,18343.9,15.92,5.05,5.05,200.0,17400.0,18650.0,False
2022-11-17,2022-11-24,2022,18343.9,18484.1,15.1,4.79,4.79,200.0,17750.0,18950.0,False
2022-11-24,2022-12-01,2022,18484.1,18812.5,14.04,4.23,4.23,200.0,17950.0,19050.0,False
2022-12-01,2022-12-08,2022,18812.5,18609.35,13.81,5.82,5.82,200.0,18250.0,19350.0,False
2022-12-08,2022-12-15,2022,18609.35,18414.9,14.08,3.8,3.8,200.0,18050.0,19150.0,False
2022-12-15,2022-12-22,2022,18414.9,18127.35,12.89,9.12,9.12,200.0,17900.0,18900.0,False
2022-12-22,2022-12-29,2022,18127.35,18191.0,15.56,8.0,8.0,200.0,17550.0,18700.0,False
2022-12-29,2023-01-05,2023,18191.0,17992.15,15.4,4.53,4.53,200.0,17600.0,18800.0,False
2023-01-05,2023-01-12,2023,17992.15,17858.2,15.2,5.69,5.69,200.0,17400.0,18550.0,False
2023-01-12,2023-01-19,2023,17858.2,18107.85,15.44,10.28,10.28,200.0,17300.0,18450.0,False
2023-01-25,2023-02-02,2023,17891.95,17610.4,13.66,23.97,23.97,200.0,17400.0,18400.0,False
2023-02-02,2023-02-09,2023,17610.4,17893.45,16.78,12.03,12.03,200.0,17000.0,18250.0,False
2023-02-09,2023-02-16,2023,17893.45,18035.85,13.6,5.83,5.83,200.0,17400.0,18400.0,False
2023-02-16,2023-02-23,2023,18035.85,17511.25,12.86,5.97,-32.78,200.0,17550.0,18500.0,True
2023-02-23,2023-03-02,2023,17511.25,17321.9,15.59,5.64,5.64,200.0,16950.0,18100.0,False
2023-03-09,2023-03-16,2023,17589.6,16985.6,12.45,8.48,-155.92,200.0,17150.0,18050.0,True
2023-03-16,2023-03-23,2023,16985.6,17076.9,16.3,16.3,16.3,200.0,16400.0,17550.0,False
2023-04-20,2023-04-27,2023,17624.45,17915.05,12.15,3.35,3.35,200.0,17150.0,18100.0,False
2023-05-04,2023-05-11,2023,18255.8,18297.0,11.84,4.36,4.36,200.0,17800.0,18700.0,False
2023-05-11,2023-05-18,2023,18297.0,18129.95,13.08,4.29,4.29,200.0,17800.0,18800.0,False
2023-05-18,2023-05-25,2023,18129.95,18321.15,13.11,4.05,4.05,200.0,17650.0,18650.0,False
2023-05-25,2023-06-01,2023,18321.15,18487.75,13.11,2.7,2.7,200.0,17800.0,18850.0,False
2023-06-01,2023-06-08,2023,18487.75,18634.55,11.97,6.44,6.44,200.0,18000.0,18950.0,False
2023-06-08,2023-06-15,2023,18634.55,18688.1,11.44,4.4,4.4,200.0,18200.0,19100.0,False
2023-06-15,2023-06-22,2023,18688.1,18771.25,11.16,3.9,3.9,200.0,18250.0,19150.0,False
2023-07-06,2023-07-13,2023,19497.3,19413.75,11.88,6.19,6.19,200.0,19000.0,20000.0,False
2023-07-13,2023-07-20,2023,19413.75,19979.15,10.94,5.34,-123.81,200.0,18950.0,19850.0,True
2023-07-20,2023-07-27,2023,19979.15,19659.9,11.6,9.94,9.94,200.0,19500.0,20450.0,False
2023-07-27,2023-08-03,2023,19659.9,19381.65,10.46,13.15,13.15,200.0,19250.0,20100.0,False
2023-08-03,2023-08-10,2023,19381.65,19543.1,11.28,7.43,7.43,200.0,18900.0,19850.0,False
2023-08-17,2023-08-24,2023,19365.25,19386.7,12.13,4.1,4.1,200.0,18850.0,19850.0,False
2023-08-24,2023-08-31,2023,19386.7,19253.8,11.73,6.0,6.0,200.0,18900.0,19850.0,False
2023-08-31,2023-09-07,2023,19253.8,19727.05,11.8,6.99,6.99,200.0,18800.0,19750.0,False
2023-09-07,2023-09-14,2023,19727.05,20103.1,10.68,5.94,5.94,200.0,19300.0,20150.0,False
2023-09-21,2023-09-28,2023,19742.35,19523.55,11.13,9.06,9.06,200.0,19300.0,20200.0,False
2023-10-05,2023-10-12,2023,19545.75,19794.0,11.66,4.26,4.26,200.0,19050.0,20050.0,False
2023-10-12,2023-10-19,2023,19794.0,19624.7,10.99,8.32,8.32,200.0,19350.0,20250.0,False
2023-10-26,2023-11-02,2023,18857.25,19133.25,11.31,19.88,19.88,200.0,18400.0,19300.0,False
2023-11-02,2023-11-09,2023,19133.25,19395.3,12.05,6.88,6.88,200.0,18650.0,19600.0,False
2023-11-16,2023-11-23,2023,19765.2,19802.0,11.14,5.55,5.55,200.0,19300.0,20250.0,False
2023-11-30,2023-12-07,2023,20133.15,20901.15,12.71,11.19,-188.81,200.0,19600.0,20650.0,True
2023-12-07,2023-12-14,2023,20901.15,21182.7,13.74,6.94,6.94,200.0,20300.0,21500.0,False
2023-12-14,2023-12-21,2023,21182.7,21255.05,12.07,11.68,11.68,200.0,20650.0,21700.0,False
2023-12-28,2024-01-04,2024,21778.7,21658.6,15.56,9.28,9.28,200.0,21050.0,22500.0,False
2024-01-04,2024-01-11,2024,21658.6,21647.2,14.1,4.3,4.3,200.0,21000.0,22300.0,False
2024-01-11,2024-01-18,2024,21647.2,21462.25,12.97,9.12,9.12,200.0,21050.0,22250.0,False
2024-02-01,2024-02-08,2024,21697.45,21717.95,16.05,10.1,10.1,200.0,20950.0,22450.0,False
2024-02-08,2024-02-15,2024,21717.95,21910.75,15.51,14.28,14.28,200.0,21000.0,22450.0,False
2024-02-15,2024-02-22,2024,21910.75,22217.45,15.44,8.57,8.57,200.0,21200.0,22600.0,False
2024-02-22,2024-02-29,2024,22217.45,21982.8,15.93,8.16,8.16,200.0,21450.0,22950.0,False
2024-02-29,2024-03-07,2024,21982.8,22493.55,16.33,7.02,7.02,200.0,21250.0,22750.0,False
2024-03-14,2024-03-21,2024,22146.65,22011.95,14.43,8.38,8.38,200.0,21450.0,22800.0,False
2024-04-18,2024-04-25,2024,21995.85,22570.35,12.62,16.84,16.84,200.0,21400.0,22600.0,False
2024-05-02,2024-05-09,2024,22648.2,21957.5,12.87,8.47,-84.03,200.0,22050.0,23250.0,True
2024-05-09,2024-05-16,2024,21957.5,22403.85,17.08,7.51,7.51,200.0,21150.0,22750.0,False
2024-05-23,2024-05-30,2024,22967.65,22488.65,21.47,3.38,3.38,200.0,21950.0,24000.0,False
2024-06-06,2024-06-13,2024,22821.4,23398.9,18.89,9.71,9.71,200.0,21900.0,23750.0,False
2024-06-20,2024-06-27,2024,23567.0,24044.5,13.71,6.68,6.68,200.0,22900.0,24250.0,False
2024-06-27,2024-07-04,2024,24044.5,24302.15,14.05,10.43,10.43,200.0,23350.0,24750.0,False
2024-07-04,2024-07-11,2024,24302.15,24315.95,13.21,6.48,6.48,200.0,23650.0,25000.0,False
2024-07-18,2024-07-25,2024,24800.85,24406.1,14.22,22.68,22.68,200.0,24050.0,25550.0,False
2024-07-25,2024-08-01,2024,24406.1,25010.9,11.76,14.72,3.82,200.0,23800.0,25000.0,True
2024-08-01,2024-08-08,2024,25010.9,24117.0,13.25,8.12,-174.88,200.0,24300.0,25700.0,True
2024-08-14,2024-08-22,2024,24143.75,24811.5,16.17,7.35,7.35,200.0,23300.0,24950.0,False
2024-08-22,2024-08-29,2024,24811.5,25151.95,13.33,4.63,4.63,200.0,24100.0,25500.0,False
2024-08-29,2024-09-05,2024,25151.95,25145.1,13.95,3.84,3.84,200.0,24400.0,25900.0,False
2024-09-05,2024-09-12,2024,25145.1,25388.9,14.38,3.88,3.88,200.0,24400.0,25900.0,False
2024-09-12,2024-09-19,2024,25388.9,25415.8,13.63,8.72,8.72,200.0,24650.0,26100.0,False
2024-09-19,2024-09-26,2024,25415.8,26216.05,13.37,8.17,-57.88,200.0,24700.0,26150.0,True
2024-10-03,2024-10-10,2024,25250.1,24998.45,11.99,20.04,20.04,200.0,24600.0,25900.0,False
2024-10-10,2024-10-17,2024,24998.45,24749.85,14.12,10.98,10.98,200.0,24250.0,25750.0,False
2024-10-17,2024-10-24,2024,24749.85,24399.4,13.05,11.22,11.22,200.0,24050.0,25450.0,False
2024-10-24,2024-10-31,2024,24399.4,24205.35,14.62,8.81,8.81,200.0,23650.0,25150.0,False
2024-10-31,2024-11-07,2024,24205.35,24199.35,15.51,17.83,17.83,200.0,23400.0,25000.0,False
2024-11-07,2024-11-14,2024,24199.35,23532.7,14.87,11.57,11.57,200.0,23450.0,24950.0,False
2024-11-21,2024-11-28,2024,23349.9,23914.15,15.66,14.73,14.73,200.0,22600.0,24100.0,False
2024-11-28,2024-12-05,2024,23914.15,24708.4,14.63,15.5,-42.9,200.0,23200.0,24650.0,True
2024-12-05,2024-12-12,2024,24708.4,24548.7,14.45,21.39,21.39,200.0,23950.0,25450.0,False
2024-12-12,2024-12-19,2024,24548.7,23951.7,13.27,12.05,12.05,200.0,23850.0,25250.0,False
2024-12-26,2025-01-02,2025,23750.2,24188.65,13.18,19.24,19.24,200.0,23100.0,24400.0,False
2025-01-02,2025-01-09,2025,24188.65,23526.5,14.51,12.01,12.01,200.0,23450.0,24950.0,False
2025-01-09,2025-01-16,2025,23526.5,23311.8,14.47,13.33,13.33,200.0,22800.0,24250.0,False
2025-01-16,2025-01-23,2025,23311.8,23205.35,15.26,14.01,14.01,200.0,22550.0,24050.0,False
2025-01-23,2025-01-30,2025,23205.35,23249.5,16.77,10.53,10.53,200.0,22400.0,24050.0,False
2025-01-30,2025-02-06,2025,23249.5,23603.35,18.64,35.42,35.42,200.0,22350.0,24150.0,False
2025-02-06,2025-02-13,2025,23603.35,23031.4,14.08,16.55,16.55,200.0,22900.0,24300.0,False
2025-02-13,2025-02-20,2025,23031.4,22913.15,14.9,13.87,13.87,200.0,22300.0,23750.0,False
2025-02-27,2025-03-06,2025,22545.05,22544.7,13.72,6.83,6.83,200.0,21900.0,23200.0,False
2025-03-06,2025-03-13,2025,22544.7,22397.2,13.67,12.39,12.39,200.0,21900.0,23200.0,False
2025-03-20,2025-03-27,2025,23190.65,23591.95,13.3,7.16,7.16,200.0,22550.0,23850.0,False
2025-04-30,2025-05-08,2025,24334.2,24273.8,17.37,18.87,18.87,200.0,23450.0,25200.0,False
2025-05-08,2025-05-15,2025,24273.8,25062.1,19.06,15.08,15.08,200.0,23300.0,25250.0,False
2025-05-15,2025-05-22,2025,25062.1,24609.7,17.23,11.86,11.86,200.0,24150.0,25950.0,False
2025-05-22,2025-05-29,2025,24609.7,24833.6,17.55,11.12,11.12,200.0,23700.0,25500.0,False
2025-05-29,2025-06-05,2025,24833.6,24750.9,18.02,9.09,9.09,200.0,23900.0,25800.0,False
2025-06-05,2025-06-12,2025,24750.9,24888.2,15.75,12.81,12.81,200.0,23950.0,25550.0,False
2025-06-12,2025-06-19,2025,24888.2,24793.25,13.67,13.01,13.01,200.0,24150.0,25600.0,False
2025-06-19,2025-06-26,2025,24793.25,25549.0,14.28,15.74,15.74,200.0,24050.0,25550.0,False
2025-06-26,2025-07-03,2025,25549.0,25405.3,12.96,13.09,13.09,200.0,24850.0,26250.0,False
2025-07-03,2025-07-10,2025,25405.3,25355.25,12.45,12.18,12.18,200.0,24750.0,26050.0,False
2025-07-10,2025-07-17,2025,25355.25,25111.45,11.94,8.76,8.76,200.0,24700.0,26000.0,False
2025-07-17,2025-07-24,2025,25111.45,25062.1,11.24,9.16,9.16,200.0,24500.0,25700.0,False
2025-07-24,2025-07-31,2025,25062.1,24768.35,10.52,11.13,11.13,200.0,24500.0,25600.0,False
2025-07-31,2025-08-07,2025,24768.35,24596.15,11.21,17.72,17.72,200.0,24200.0,25350.0,False
2025-08-07,2025-08-14,2025,24596.15,24631.3,11.96,10.4,10.4,200.0,24000.0,25200.0,False
2025-09-02,2025-09-09,2025,24579.6,24868.6,11.29,11.4,11.4,200.0,24000.0,25150.0,False
2025-09-09,2025-09-16,2025,24868.6,25239.1,10.84,7.62,7.62,200.0,24300.0,25450.0,False
2025-09-16,2025-09-23,2025,25239.1,25169.5,10.4,8.96,8.96,200.0,24700.0,25800.0,False
2025-10-07,2025-10-14,2025,25108.3,25145.5,10.19,6.79,6.79,200.0,24550.0,25650.0,False
2025-10-20,2025-10-28,2025,25843.15,25936.2,11.63,8.19,8.19,200.0,25200.0,26500.0,False
2025-10-28,2025-11-04,2025,25936.2,25597.65,11.86,13.82,13.82,200.0,25300.0,26600.0,False
2025-11-11,2025-11-18,2025,25694.95,25910.05,12.3,10.4,10.4,200.0,25050.0,26350.0,False
2025-11-18,2025-11-25,2025,25910.05,25884.8,11.79,12.37,12.37,200.0,25250.0,26550.0,False
2025-11-25,2025-12-02,2025,25884.8,26032.2,13.24,4.94,4.94,200.0,25150.0,26600.0,False
2025-12-02,2025-12-09,2025,26032.2,25839.65,11.63,8.23,8.23,200.0,25400.0,26650.0,False
2025-12-09,2025-12-16,2025,25839.65,25860.1,11.13,7.42,7.42,200.0,25250.0,26450.0,False
2025-12-16,2025-12-23,2025,25860.1,26177.15,10.25,8.36,8.36,200.0,25300.0,26400.0,False
2025-12-30,2026-01-06,2026,25938.85,26178.7,9.72,5.54,5.54,200.0,25400.0,26450.0,False
2026-01-06,2026-01-13,2026,26178.7,25732.3,10.02,4.45,4.45,200.0,25650.0,26750.0,False
2026-01-27,2026-02-03,2026,25175.4,25727.55,14.19,29.57,29.57,200.0,24400.0,25950.0,False
2026-02-03,2026-02-10,2026,25727.55,25935.15,13.87,14.08,14.08,200.0,25000.0,26500.0,False
2026-02-10,2026-02-17,2026,25935.15,25725.4,12.19,6.23,6.23,200.0,25250.0,26600.0,False
2026-02-17,2026-02-24,2026,25725.4,25424.65,13.33,8.28,8.28,200.0,25000.0,26450.0,False
2026-03-02,2026-03-10,2026,24865.7,24261.6,13.7,37.9,37.9,200.0,24150.0,25600.0,False
2026-03-10,2026-03-17,2026,24261.6,23581.15,23.36,4.4,4.4,200.0,23050.0,25450.0,False
2026-03-17,2026-03-24,2026,23581.15,22912.4,21.6,12.73,12.73,200.0,22500.0,24650.0,False
2026-04-13,2026-04-21,2026,23842.65,24576.6,18.85,27.41,27.41,200.0,22900.0,24800.0,False
2026-04-21,2026-04-28,2026,24576.6,23995.7,18.79,15.25,15.25,200.0,23600.0,25550.0,False
2026-05-05,2026-05-12,2026,24032.8,23379.55,18.3,10.2,10.2,200.0,23100.0,24950.0,False
2026-05-12,2026-05-19,2026,23379.55,23618.0,18.55,16.64,16.64,200.0,22450.0,24300.0,False
2026-05-19,2026-05-26,2026,23618.0,23913.7,19.63,10.03,10.03,200.0,22650.0,24600.0,False
2026-06-02,2026-06-09,2026,23483.55,23242.1,16.54,8.64,8.64,200.0,22650.0,24300.0,False
2026-06-09,2026-06-16,2026,23242.1,23989.15,17.03,7.76,7.76,200.0,22400.0,24100.0,False
2026-06-16,2026-06-23,2026,23989.15,23824.1,14.35,9.99,9.99,200.0,23250.0,24700.0,False
2026-06-30,2026-07-07,2026,23865.75,24398.7,13.61,10.84,10.84,200.0,23200.0,24550.0,False
2026-07-07,2026-07-14,2026,24398.7,24052.05,11.82,8.17,8.17,200.0,23800.0,25000.0,False
2026-07-14,2026-07-21,2026,24052.05,24187.7,13.28,15.55,15.55,200.0,23400.0,24700.0,False
2026-07-21,2026-07-28,2026,24187.7,23985.35,12.98,10.98,10.98,200.0,23550.0,24850.0,False
2026-07-28,2026-08-04,2026,23985.35,24614.9,12.66,7.97,7.97,200.0,23350.0,24650.0,False
2026-08-04,2026-08-11,2026,24614.9,24471.7,11.93,12.68,12.68,200.0,24000.0,25250.0,False
2026-08-11,2026-08-18,2026,24471.7,24154.9,12.25,7.43,7.43,200.0,23850.0,25100.0,False
2026-08-18,2026-08-25,2026,24154.9,24334.55,11.33,8.02,8.02,200.0,23600.0,24750.0,False
2026-08-25,2026-09-01,2026,24334.55,24055.8,11.53,4.53,4.53,200.0,23750.0,24950.0,False
2026-09-01,2026-09-08,2026,24055.8,23635.1,11.19,10.61,10.61,200.0,23500.0,24600.0,False
