candidate_id,execution_date,expiry_date,type,lot_size,debit_pts,capital_required_inr,gross_payoff_inr,statutory_costs_inr,net_pnl_inr,discrepancy
Candidate 1,2021-09-24,2021-09-30,BULL_CALL,50,45.3,2265.0,-2265.0,53.97,-2318.97,0.0
Candidate 1,2021-10-11,2021-10-14,BULL_CALL,50,60.9,3045.0,4455.0,102.51,4352.49,0.0
Candidate 1,2021-10-29,2021-11-03,BEAR_PUT,50,37.95,1897.5,-1897.5,56.11,-1953.61,0.0
Candidate 1,2021-11-15,2021-11-18,BULL_CALL,50,12.6,630.0,-630.0,50.8,-680.8,0.0
Candidate 1,2021-11-22,2021-11-25,BEAR_PUT,50,59.2,2960.0,4540.0,74.63,4465.37,0.0
Candidate 1,2021-11-25,2021-12-02,BEAR_PUT,50,44.3,2215.0,-2215.0,56.66,-2271.66,0.0
Candidate 1,2021-12-07,2021-12-09,BEAR_PUT,50,20.2,1010.0,-1010.0,55.17,-1065.17,0.0
Candidate 1,2021-12-21,2021-12-23,BEAR_PUT,50,42.75,2137.5,-2137.5,55.63,-2193.13,0.0
Candidate 1,2022-01-03,2022-01-06,BULL_CALL,50,51.3,2565.0,4935.0,83.36,4851.64,0.0
Candidate 1,2022-01-11,2022-01-13,BULL_CALL,50,77.2,3860.0,3640.0,74.1,3565.9,0.0
Candidate 1,2022-01-18,2022-01-20,BULL_CALL,50,47.75,2387.5,-2387.5,50.79,-2438.29,0.0
Candidate 1,2022-01-24,2022-01-27,BEAR_PUT,50,67.25,3362.5,4137.5,103.66,4033.84,0.0
Candidate 1,2022-01-28,2022-02-03,BEAR_PUT,50,90.25,4512.5,-4512.5,65.61,-4578.11,0.0
Candidate 1,2022-02-15,2022-02-17,BEAR_PUT,50,45.55,2277.5,-2277.5,61.89,-2339.39,0.0
Candidate 1,2022-03-30,2022-03-31,BULL_CALL,50,32.1,1605.0,-1605.0,50.59,-1655.59,0.0
Candidate 1,2022-04-04,2022-04-07,BULL_CALL,50,42.95,2147.5,-2147.5,51.3,-2198.8,0.0
Candidate 1,2022-04-19,2022-04-21,BEAR_PUT,50,59.8,2990.0,-2990.0,53.22,-3043.22,0.0
Candidate 1,2022-04-26,2022-04-28,BEAR_PUT,50,17.45,872.5,-872.5,53.43,-925.93,0.0
Candidate 1,2022-05-09,2022-05-12,BEAR_PUT,50,40.25,2012.5,5487.5,100.05,5387.45,0.0
Candidate 1,2022-05-30,2022-06-02,BULL_CALL,50,55.25,2762.5,-1362.5,54.24,-1416.74,0.0
Candidate 1,2022-06-13,2022-06-16,BEAR_PUT,50,12.8,640.0,6860.0,108.19,6751.81,0.0
Candidate 1,2022-06-28,2022-06-30,BULL_CALL,50,50.6,2530.0,-2530.0,54.88,-2584.88,0.0
Candidate 1,2022-07-07,2022-07-14,BULL_CALL,50,70.6,3530.0,-3530.0,56.74,-3586.74,0.0
Candidate 1,2022-07-19,2022-07-21,BULL_CALL,50,68.9,3445.0,4055.0,90.03,3964.97,0.0
Candidate 1,2022-07-29,2022-08-04,BULL_CALL,50,21.4,1070.0,6430.0,76.58,6353.42,0.0
Candidate 1,2022-08-08,2022-08-11,BULL_CALL,50,68.1,3405.0,4095.0,74.16,4020.84,0.0
Candidate 1,2022-08-30,2022-09-01,BEAR_PUT,50,30.2,1510.0,-1510.0,52.72,-1562.72,0.0
Candidate 1,2022-09-09,2022-09-15,BULL_CALL,50,61.7,3085.0,-3085.0,54.64,-3139.64,0.0
Candidate 1,2022-09-19,2022-09-22,BEAR_PUT,50,24.4,1220.0,-1220.0,55.95,-1275.95,0.0
Candidate 1,2022-09-26,2022-09-29,BEAR_PUT,50,84.9,4245.0,3255.0,85.22,3169.78,0.0
Candidate 1,2022-10-19,2022-10-20,BULL_CALL,50,51.2,2560.0,-2560.0,49.85,-2609.85,0.0
Candidate 1,2022-10-28,2022-11-03,BULL_CALL,50,55.2,2760.0,4740.0,81.18,4658.82,0.0
Candidate 1,2022-11-09,2022-11-10,BULL_CALL,50,32.75,1637.5,-1637.5,48.89,-1686.39,0.0
Candidate 1,2022-11-14,2022-11-17,BULL_CALL,50,50.85,2542.5,-2542.5,51.33,-2593.83,0.0
Candidate 1,2022-11-25,2022-12-01,BULL_CALL,50,48.55,2427.5,5072.5,72.65,4999.85,0.0
Candidate 1,2022-12-12,2022-12-15,BEAR_PUT,50,30.45,1522.5,-1522.5,49.86,-1572.36,0.0
Candidate 1,2022-12-16,2022-12-22,BEAR_PUT,50,31.55,1577.5,4555.0,63.56,4491.44,0.0
Candidate 1,2022-12-22,2022-12-29,BEAR_PUT,50,44.95,2247.5,702.5,60.17,642.33,0.0
Candidate 1,2023-01-13,2023-01-19,BEAR_PUT,50,53.5,2675.0,-2675.0,53.72,-2728.72,0.0
Candidate 1,2023-01-19,2023-01-25,BULL_CALL,50,58.35,2917.5,-2917.5,55.78,-2973.28,0.0
Candidate 1,2023-01-30,2023-02-02,BEAR_PUT,50,3.55,177.5,-177.5,60.16,-237.66,0.0
Candidate 1,2023-02-10,2023-02-16,BULL_CALL,50,53.2,2660.0,4132.5,65.48,4067.02,0.0
Candidate 1,2023-02-23,2023-03-02,BEAR_PUT,50,52.4,2620.0,4880.0,70.55,4809.45,0.0
Candidate 1,2023-03-14,2023-03-16,BEAR_PUT,50,49.05,2452.5,3267.5,62.92,3204.58,0.0
Candidate 1,2023-03-27,2023-03-29,BEAR_PUT,50,45.2,2260.0,-2260.0,52.73,-2312.73,0.0
Candidate 1,2023-04-03,2023-04-06,BULL_CALL,50,31.55,1577.5,3380.0,58.28,3321.72,0.0
Candidate 1,2023-04-28,2023-05-04,BULL_CALL,50,40.3,2015.0,5485.0,76.95,5408.05,0.0
Candidate 1,2023-05-05,2023-05-11,BULL_CALL,50,54.3,2715.0,4635.0,66.09,4568.91,0.0
Candidate 1,2023-05-16,2023-05-18,BULL_CALL,50,28.15,1407.5,-1407.5,48.53,-1456.03,0.0
Candidate 1,2023-05-29,2023-06-01,BULL_CALL,50,35.2,1760.0,-1760.0,49.2,-1809.2,0.0
Candidate 1,2023-06-08,2023-06-15,BULL_CALL,50,63.7,3185.0,-3185.0,51.78,-3236.78,0.0
Candidate 1,2023-06-15,2023-06-22,BULL_CALL,50,57.05,2852.5,-2852.5,52.46,-2904.96,0.0
Candidate 1,2023-06-30,2023-07-06,BULL_CALL,50,32.85,1642.5,5857.5,86.97,5770.53,0.0
Candidate 1,2023-07-17,2023-07-20,BULL_CALL,50,41.45,2072.5,5427.5,85.54,5341.96,0.0
Candidate 1,2023-08-03,2023-08-10,BEAR_PUT,50,41.35,2067.5,-2067.5,52.14,-2119.64,0.0
Candidate 1,2023-08-18,2023-08-24,BEAR_PUT,50,51.65,2582.5,-2582.5,51.42,-2633.92,0.0
Candidate 1,2023-08-28,2023-08-31,BEAR_PUT,50,47.2,2360.0,-2360.0,51.69,-2411.69,0.0
Candidate 1,2023-09-01,2023-09-07,BEAR_PUT,50,32.2,1610.0,-1610.0,50.4,-1660.4,0.0
Candidate 1,2023-09-14,2023-09-21,BULL_CALL,50,42.3,2115.0,-2115.0,52.04,-2167.04,0.0
Candidate 1,2023-09-25,2023-09-28,BEAR_PUT,50,51.2,2560.0,3762.5,63.09,3699.41,0.0
Candidate 1,2023-09-29,2023-10-05,BEAR_PUT,50,55.7,2785.0,-2572.5,53.45,-2625.95,0.0
Candidate 1,2023-10-05,2023-10-12,BEAR_PUT,50,54.2,2710.0,-2710.0,52.92,-2762.92,0.0
Candidate 1,2023-10-12,2023-10-19,BULL_CALL,50,62.4,3120.0,-3120.0,53.81,-3173.81,0.0
Candidate 1,2023-10-25,2023-10-26,BEAR_PUT,50,38.65,1932.5,5567.5,94.04,5473.46,0.0
Candidate 1,2023-11-09,2023-11-16,BULL_CALL,50,55.25,2762.5,4737.5,79.94,4657.56,0.0
Candidate 1,2023-11-22,2023-11-23,BULL_CALL,50,29.2,1460.0,-1460.0,48.92,-1508.92,0.0
Candidate 1,2023-11-29,2023-11-30,BULL_CALL,50,28.5,1425.0,2732.5,56.01,2676.49,0.0
Candidate 1,2023-12-11,2023-12-14,BULL_CALL,50,63.5,3175.0,4325.0,71.93,4253.07,0.0
Candidate 1,2023-12-15,2023-12-21,BULL_CALL,50,76.8,3840.0,-3840.0,54.21,-3894.21,0.0
Candidate 1,2023-12-28,2024-01-04,BULL_CALL,50,63.35,3167.5,-3167.5,61.27,-3228.77,0.0
Candidate 1,2024-01-15,2024-01-18,BULL_CALL,50,30.2,1510.0,-1510.0,53.64,-1563.64,0.0
Candidate 1,2024-01-19,2024-01-25,BEAR_PUT,50,58.25,2912.5,4587.5,75.1,4512.4,0.0
Candidate 1,2024-02-05,2024-02-08,BULL_CALL,50,62.95,3147.5,-3147.5,55.32,-3202.82,0.0
Candidate 1,2024-02-19,2024-02-22,BULL_CALL,50,62.7,3135.0,237.5,60.45,177.05,0.0
Candidate 1,2024-02-23,2024-02-29,BULL_CALL,50,62.2,3110.0,-3110.0,55.92,-3165.92,0.0
Candidate 1,2024-03-04,2024-03-07,BULL_CALL,50,69.35,3467.5,-1290.0,58.76,-1348.76,0.0
Candidate 1,2024-03-07,2024-03-14,BULL_CALL,50,68.25,3412.5,-3412.5,57.21,-3469.71,0.0
Candidate 1,2024-03-20,2024-03-21,BEAR_PUT,50,40.2,2010.0,-2010.0,52.11,-2062.11,0.0
Candidate 1,2024-04-01,2024-04-04,BULL_CALL,50,57.35,2867.5,-2135.0,54.26,-2189.26,0.0
Candidate 1,2024-04-05,2024-04-10,BULL_CALL,50,79.65,3982.5,3517.5,75.05,3442.45,0.0
Candidate 1,2024-04-12,2024-04-18,BULL_CALL,50,55.45,2772.5,-2772.5,53.87,-2826.37,0.0
Candidate 1,2024-04-30,2024-05-02,BULL_CALL,25,48.9,1222.5,-1222.5,48.65,-1271.15,0.0
Candidate 1,2024-05-03,2024-05-09,BULL_CALL,25,37.05,926.25,-926.25,51.39,-977.64,0.0
Candidate 1,2024-05-10,2024-05-16,BEAR_PUT,25,60.2,1505.0,-1505.0,52.27,-1557.27,0.0
Candidate 1,2024-05-22,2024-05-23,BULL_CALL,25,43.95,1098.75,2651.25,65.8,2585.45,0.0
Candidate 1,2024-06-10,2024-06-13,BULL_CALL,25,59.2,1480.0,-257.5,55.88,-313.38,0.0
Candidate 1,2024-06-13,2024-06-20,BULL_CALL,25,37.2,930.0,-505.0,52.37,-557.37,0.0
Candidate 1,2024-06-21,2024-06-27,BULL_CALL,25,51.45,1286.25,2463.75,68.75,2395.0,0.0
Candidate 1,2024-07-02,2024-07-04,BULL_CALL,25,47.8,1195.0,-1141.25,49.07,-1190.32,0.0
Candidate 1,2024-07-04,2024-07-11,BULL_CALL,25,76.8,1920.0,-1920.0,51.75,-1971.75,0.0
Candidate 1,2024-07-15,2024-07-18,BULL_CALL,25,55.3,1382.5,2367.5,56.39,2311.11,0.0
Candidate 1,2024-07-29,2024-08-01,BULL_CALL,25,50.2,1255.0,-982.5,50.77,-1033.27,0.0
Candidate 1,2024-08-06,2024-08-08,BEAR_PUT,25,55.2,1380.0,-555.0,55.77,-610.77,0.0
Candidate 1,2024-08-21,2024-08-22,BULL_CALL,25,39.0,975.0,562.5,51.27,511.23,0.0
Candidate 1,2024-09-13,2024-09-19,BULL_CALL,25,40.3,1007.5,-1007.5,49.7,-1057.2,0.0
Candidate 1,2024-09-23,2024-09-26,BULL_CALL,25,43.25,1081.25,2668.75,67.62,2601.13,0.0
Candidate 1,2024-10-04,2024-10-10,BEAR_PUT,25,47.05,1176.25,2573.75,59.47,2514.28,0.0
Candidate 1,2024-10-18,2024-10-24,BEAR_PUT,25,27.4,685.0,3065.0,62.17,3002.83,0.0
Candidate 1,2024-11-05,2024-11-07,BEAR_PUT,25,41.65,1041.25,-1041.25,53.37,-1094.62,0.0
Candidate 1,2024-11-07,2024-11-14,BULL_CALL,25,64.05,1601.25,-1601.25,54.76,-1656.01,0.0
Candidate 1,2024-11-22,2024-11-28,BEAR_PUT,25,71.3,1782.5,-1782.5,54.75,-1837.25,0.0
Candidate 1,2024-11-28,2024-12-05,BULL_CALL,25,87.2,2180.0,1570.0,78.25,1491.75,0.0
Candidate 1,2024-12-16,2024-12-19,BULL_CALL,25,46.2,1155.0,-1155.0,51.89,-1206.89,0.0
Candidate 1,2025-01-10,2025-01-16,BEAR_PUT,75,43.7,3277.5,7972.5,93.16,7879.34,0.0
Candidate 1,2025-01-22,2025-01-23,BEAR_PUT,75,33.2,2490.0,-2490.0,56.69,-2546.69,0.0
Candidate 1,2025-01-28,2025-01-30,BEAR_PUT,25,57.25,1431.25,-1431.25,52.64,-1483.89,0.0
Candidate 1,2025-02-03,2025-02-06,BULL_CALL,75,70.2,5265.0,5985.0,106.32,5878.68,0.0
Candidate 1,2025-02-13,2025-02-20,BEAR_PUT,75,38.6,2895.0,3618.75,78.41,3540.34,0.0
Candidate 1,2025-02-21,2025-02-27,BEAR_PUT,75,38.6,2895.0,8355.0,101.29,8253.71,0.0
Candidate 1,2025-03-19,2025-03-20,BULL_CALL,75,46.75,3506.25,7743.75,99.63,7644.12,0.0
Candidate 1,2025-04-07,2025-04-09,BEAR_PUT,75,26.1,1957.5,-1957.5,73.29,-2030.79,0.0
Candidate 1,2025-04-21,2025-04-24,BULL_CALL,75,45.2,3390.0,7860.0,103.41,7756.59,0.0
Candidate 1,2025-04-30,2025-05-08,BULL_CALL,75,68.5,5137.5,-5137.5,70.56,-5208.06,0.0
Candidate 1,2025-05-16,2025-05-22,BULL_CALL,75,64.85,4863.75,-4863.75,67.69,-4931.44,0.0
Candidate 1,2025-06-04,2025-06-05,BEAR_PUT,75,50.2,3765.0,-3765.0,56.82,-3821.82,0.0
Candidate 1,2025-06-09,2025-06-12,BULL_CALL,75,44.2,3315.0,-3315.0,61.36,-3376.36,0.0
Candidate 1,2025-06-26,2025-07-03,BULL_CALL,75,65.2,4890.0,3007.5,81.35,2926.15,0.0
Candidate 1,2025-07-11,2025-07-17,BEAR_PUT,75,33.9,2542.5,4098.75,70.11,4028.64,0.0
Candidate 1,2025-07-21,2025-07-24,BEAR_PUT,75,44.6,3345.0,-3345.0,58.19,-3403.19,0.0
Candidate 1,2025-07-28,2025-07-31,BEAR_PUT,75,33.2,2490.0,-2490.0,56.86,-2546.86,0.0
Candidate 1,2025-08-04,2025-08-07,BEAR_PUT,75,54.2,4065.0,-4065.0,62.68,-4127.68,0.0
Candidate 1,2025-08-11,2025-08-14,BEAR_PUT,75,41.0,3075.0,-3075.0,56.93,-3131.93,0.0
Candidate 1,2025-08-19,2025-08-21,BULL_CALL,75,57.25,4293.75,5737.5,75.71,5661.79,0.0
Candidate 1,2025-09-01,2025-09-02,BEAR_PUT,75,33.3,2497.5,-2497.5,51.87,-2549.37,0.0
Candidate 1,2025-09-11,2025-09-16,BULL_CALL,75,67.2,5040.0,6210.0,96.91,6113.09,0.0
Candidate 1,2025-09-17,2025-09-23,BULL_CALL,75,58.25,4368.75,-4368.75,59.08,-4427.83,0.0
Candidate 1,2025-09-26,2025-09-30,BEAR_PUT,75,18.65,1398.75,9018.75,69.81,8948.94,0.0
Candidate 1,2025-10-10,2025-10-14,BULL_CALL,75,53.45,4008.75,-4008.75,55.28,-4064.03,0.0
Candidate 1,2025-10-16,2025-10-20,BULL_CALL,75,53.85,4038.75,7211.25,119.47,7091.78,0.0
Candidate 1,2025-10-28,2025-11-04,BULL_CALL,75,74.3,5572.5,-5572.5,74.72,-5647.22,0.0
Candidate 1,2025-11-06,2025-11-11,BEAR_PUT,75,49.2,3690.0,-3690.0,59.27,-3749.27,0.0
Candidate 1,2025-11-17,2025-11-18,BULL_CALL,75,42.8,3210.0,-3210.0,54.59,-3264.59,0.0
Candidate 1,2025-11-20,2025-11-25,BULL_CALL,75,39.25,2943.75,-2943.75,56.64,-3000.39,0.0
Candidate 1,2025-11-27,2025-12-02,BULL_CALL,75,59.2,4440.0,-4440.0,59.4,-4499.4,0.0
Candidate 1,2025-12-10,2025-12-16,BEAR_PUT,75,49.05,3678.75,-3678.75,57.64,-3736.39,0.0
Candidate 1,2026-01-05,2026-01-06,BULL_CALL,65,33.7,2190.5,-2190.5,49.55,-2240.05,0.0
Candidate 1,2026-01-09,2026-01-13,BEAR_PUT,65,34.7,2255.5,2145.0,60.34,2084.66,0.0
Candidate 1,2026-01-16,2026-01-20,BEAR_PUT,65,47.1,3061.5,6688.5,116.1,6572.4,0.0
Candidate 1,2026-01-20,2026-01-27,BEAR_PUT,65,44.2,2873.0,6877.0,116.09,6760.91,0.0
Candidate 1,2026-01-27,2026-02-03,BEAR_PUT,65,37.05,2408.25,-2408.25,70.01,-2478.26,0.0
Candidate 1,2026-02-04,2026-02-10,BULL_CALL,65,90.15,5859.75,3890.25,89.81,3800.44,0.0
Candidate 1,2026-02-10,2026-02-17,BULL_CALL,65,63.65,4137.25,-4137.25,62.63,-4199.88,0.0
Candidate 1,2026-02-20,2026-02-24,BEAR_PUT,65,42.75,2778.75,-2778.75,60.28,-2839.03,0.0
Candidate 1,2026-02-25,2026-03-02,BEAR_PUT,65,63.1,4101.5,5648.5,147.87,5500.63,0.0
Candidate 1,2026-03-02,2026-03-10,BEAR_PUT,65,21.0,1365.0,8385.0,111.01,8273.99,0.0
Candidate 1,2026-03-12,2026-03-17,BEAR_PUT,65,15.55,1010.75,214.5,82.37,132.13,0.0
Candidate 1,2026-03-20,2026-03-24,BEAR_PUT,65,96.35,6262.75,2681.25,91.64,2589.61,0.0
Candidate 1,2026-04-13,2026-04-21,BULL_CALL,65,88.45,5749.25,4000.75,225.18,3775.57,0.0
Candidate 1,2026-05-12,2026-05-19,BEAR_PUT,65,32.85,2135.25,-55.25,71.04,-126.29,0.0
Candidate 1,2026-06-01,2026-06-02,BEAR_PUT,65,33.8,2197.0,5372.25,66.61,5305.64,0.0
Candidate 1,2026-06-08,2026-06-09,BEAR_PUT,65,40.35,2622.75,-2622.75,54.53,-2677.28,0.0
Candidate 1,2026-06-15,2026-06-16,BULL_CALL,65,43.4,2821.0,-2821.0,54.25,-2875.25,0.0
Candidate 1,2026-07-03,2026-07-07,BULL_CALL,65,35.6,2314.0,-2314.0,50.88,-2364.88,0.0
Candidate 1,2026-07-24,2026-07-28,BEAR_PUT,65,41.35,2687.75,-2687.75,55.02,-2742.77,0.0
Candidate 1,2026-08-03,2026-08-04,BULL_CALL,65,37.0,2405.0,-1436.5,52.06,-1488.56,0.0
Candidate 1,2026-08-17,2026-08-18,BEAR_PUT,65,28.8,1872.0,7559.5,67.15,7492.35,0.0
Candidate 1,2026-09-02,2026-09-08,BEAR_PUT,65,34.1,2216.5,7533.5,75.34,7458.16,0.0
Candidate 1,2026-09-08,2026-09-15,BEAR_PUT,65,52.6,3419.0,6331.0,142.79,6188.21,0.0
Candidate 2,2021-09-24,2021-09-30,BULL_CALL,50,62.5,3125.0,-3125.0,54.51,-3179.51,0.0
Candidate 2,2021-10-11,2021-10-14,BULL_CALL,50,92.9,4645.0,5355.0,108.11,5246.89,0.0
Candidate 2,2021-10-29,2021-11-03,BEAR_PUT,50,90.95,4547.5,-3507.5,59.67,-3567.17,0.0
Candidate 2,2021-11-22,2021-11-25,BEAR_PUT,50,123.25,6162.5,3837.5,81.23,3756.27,0.0
Candidate 2,2021-11-25,2021-12-02,BEAR_PUT,50,80.6,4030.0,-4030.0,57.78,-4087.78,0.0
Candidate 2,2021-12-07,2021-12-09,BEAR_PUT,50,47.85,2392.5,-2392.5,56.03,-2448.53,0.0
Candidate 2,2021-12-21,2021-12-23,BEAR_PUT,50,31.4,1570.0,-1570.0,55.28,-1625.28,0.0
Candidate 2,2022-01-03,2022-01-06,BULL_CALL,50,77.25,3862.5,6137.5,88.77,6048.73,0.0
Candidate 2,2022-01-11,2022-01-13,BULL_CALL,50,77.2,3860.0,6140.0,78.7,6061.3,0.0
Candidate 2,2022-01-18,2022-01-20,BULL_CALL,50,64.1,3205.0,-3205.0,51.29,-3256.29,0.0
Candidate 2,2022-01-28,2022-02-03,BEAR_PUT,50,81.3,4065.0,-4065.0,65.33,-4130.33,0.0
Candidate 2,2022-02-15,2022-02-17,BEAR_PUT,50,29.15,1457.5,-1457.5,61.38,-1518.88,0.0
Candidate 2,2022-03-30,2022-03-31,BULL_CALL,50,102.05,5102.5,-4365.0,54.12,-4419.12,0.0
Candidate 2,2022-04-04,2022-04-07,BULL_CALL,50,63.45,3172.5,-3172.5,51.94,-3224.44,0.0
Candidate 2,2022-04-19,2022-04-21,BEAR_PUT,50,76.55,3827.5,-3827.5,53.74,-3881.24,0.0
Candidate 2,2022-04-26,2022-04-28,BEAR_PUT,50,28.2,1410.0,-1410.0,53.76,-1463.76,0.0
Candidate 2,2022-05-05,2022-05-12,BEAR_PUT,50,77.15,3857.5,6142.5,184.18,5958.32,0.0
Candidate 2,2022-05-30,2022-06-02,BULL_CALL,50,70.95,3547.5,352.5,59.33,293.17,0.0
Candidate 2,2022-06-13,2022-06-16,BEAR_PUT,50,31.2,1560.0,8440.0,113.36,8326.64,0.0
Candidate 2,2022-06-28,2022-06-30,BULL_CALL,50,58.7,2935.0,-1422.5,57.92,-1480.42,0.0
Candidate 2,2022-07-07,2022-07-14,BULL_CALL,50,80.15,4007.5,-4007.5,57.03,-4064.53,0.0
Candidate 2,2022-07-19,2022-07-21,BULL_CALL,50,69.15,3457.5,6542.5,94.64,6447.86,0.0
Candidate 2,2022-07-29,2022-08-04,BULL_CALL,50,61.6,3080.0,6920.0,82.44,6837.56,0.0
Candidate 2,2022-08-08,2022-08-11,BULL_CALL,50,88.05,4402.5,5597.5,79.38,5518.12,0.0
Candidate 2,2022-08-30,2022-09-01,BEAR_PUT,50,49.2,2460.0,-2460.0,53.31,-2513.31,0.0
Candidate 2,2022-09-09,2022-09-15,BULL_CALL,50,74.9,3745.0,-3745.0,55.05,-3800.05,0.0
Candidate 2,2022-09-19,2022-09-22,BEAR_PUT,50,82.15,4107.5,-4107.5,57.74,-4165.24,0.0
Candidate 2,2022-09-26,2022-09-29,BEAR_PUT,50,84.5,4225.0,5775.0,89.81,5685.19,0.0
Candidate 2,2022-10-19,2022-10-20,BULL_CALL,50,65.95,3297.5,-2600.0,51.59,-2651.59,0.0
Candidate 2,2022-10-28,2022-11-03,BULL_CALL,50,77.2,3860.0,6140.0,86.46,6053.54,0.0
Candidate 2,2022-11-09,2022-11-10,BULL_CALL,50,47.8,2390.0,-2390.0,49.36,-2439.36,0.0
Candidate 2,2022-11-14,2022-11-17,BULL_CALL,50,66.35,3317.5,-3317.5,51.81,-3369.31,0.0
Candidate 2,2022-11-25,2022-12-01,BULL_CALL,50,71.45,3572.5,6427.5,77.96,6349.54,0.0
Candidate 2,2022-12-12,2022-12-15,BEAR_PUT,50,50.45,2522.5,-2522.5,50.48,-2572.98,0.0
Candidate 2,2022-12-16,2022-12-22,BEAR_PUT,50,45.55,2277.5,6355.0,68.6,6286.4,0.0
Candidate 2,2022-12-22,2022-12-29,BEAR_PUT,50,92.95,4647.5,802.5,66.27,736.23,0.0
Candidate 2,2023-01-13,2023-01-19,BEAR_PUT,50,71.45,3572.5,-3572.5,54.28,-3626.78,0.0
Candidate 2,2023-01-19,2023-01-25,BULL_CALL,50,77.4,3870.0,-3870.0,56.37,-3926.37,0.0
Candidate 2,2023-01-30,2023-02-02,BEAR_PUT,50,10.2,510.0,-510.0,60.37,-570.37,0.0
Candidate 2,2023-02-10,2023-02-16,BULL_CALL,50,100.2,5010.0,4282.5,71.55,4210.95,0.0
Candidate 2,2023-02-23,2023-03-02,BEAR_PUT,50,65.4,3270.0,6730.0,75.55,6654.45,0.0
Candidate 2,2023-03-14,2023-03-16,BEAR_PUT,50,61.2,3060.0,5160.0,67.9,5092.1,0.0
Candidate 2,2023-03-27,2023-03-29,BEAR_PUT,50,64.9,3245.0,-3245.0,53.34,-3298.34,0.0
Candidate 2,2023-04-03,2023-04-06,BULL_CALL,50,48.5,2425.0,5032.5,63.41,4969.09,0.0
Candidate 2,2023-04-28,2023-05-04,BULL_CALL,50,79.25,3962.5,6037.5,82.76,5954.74,0.0
Candidate 2,2023-05-05,2023-05-11,BULL_CALL,50,95.15,4757.5,5092.5,71.96,5020.54,0.0
Candidate 2,2023-05-16,2023-05-18,BULL_CALL,50,50.15,2507.5,-2507.5,49.21,-2556.71,0.0
Candidate 2,2023-05-29,2023-06-01,BULL_CALL,50,77.2,3860.0,-3860.0,50.51,-3910.51,0.0
Candidate 2,2023-06-08,2023-06-15,BULL_CALL,50,75.85,3792.5,-3792.5,52.16,-3844.66,0.0
Candidate 2,2023-06-15,2023-06-22,BULL_CALL,50,90.15,4507.5,-3445.0,55.44,-3500.44,0.0
Candidate 2,2023-06-30,2023-07-06,BULL_CALL,50,51.45,2572.5,7427.5,92.15,7335.35,0.0
Candidate 2,2023-07-17,2023-07-20,BULL_CALL,50,66.25,3312.5,6687.5,90.91,6596.59,0.0
Candidate 2,2023-08-03,2023-08-10,BEAR_PUT,50,65.3,3265.0,-3265.0,52.88,-3317.88,0.0
Candidate 2,2023-08-18,2023-08-24,BEAR_PUT,50,66.65,3332.5,-3332.5,51.88,-3384.38,0.0
Candidate 2,2023-08-28,2023-08-31,BEAR_PUT,50,77.1,3855.0,-1545.0,56.87,-1601.87,0.0
Candidate 2,2023-09-01,2023-09-07,BEAR_PUT,50,46.2,2310.0,-2310.0,50.83,-2360.83,0.0
Candidate 2,2023-09-14,2023-09-21,BULL_CALL,50,67.1,3355.0,-3355.0,52.81,-3407.81,0.0
Candidate 2,2023-09-25,2023-09-28,BEAR_PUT,50,51.2,2560.0,6262.5,67.69,6194.81,0.0
Candidate 2,2023-09-29,2023-10-05,BEAR_PUT,50,85.2,4260.0,-1547.5,58.97,-1606.47,0.0
Candidate 2,2023-10-05,2023-10-12,BEAR_PUT,50,60.75,3037.5,-3037.5,53.12,-3090.62,0.0
Candidate 2,2023-10-12,2023-10-19,BULL_CALL,50,96.75,4837.5,-4837.5,54.88,-4892.38,0.0
Candidate 2,2023-10-25,2023-10-26,BEAR_PUT,50,82.0,4100.0,5900.0,99.99,5800.01,0.0
Candidate 2,2023-11-09,2023-11-16,BULL_CALL,50,75.3,3765.0,6235.0,85.16,6149.84,0.0
Candidate 2,2023-11-22,2023-11-23,BULL_CALL,50,51.2,2560.0,-2460.0,49.79,-2509.79,0.0
Candidate 2,2023-11-29,2023-11-30,BULL_CALL,50,50.55,2527.5,4130.0,61.29,4068.71,0.0
Candidate 2,2023-12-11,2023-12-14,BULL_CALL,50,96.0,4800.0,5200.0,77.54,5122.46,0.0
Candidate 2,2023-12-15,2023-12-21,BULL_CALL,50,85.4,4270.0,-4270.0,54.47,-4324.47,0.0
Candidate 2,2023-12-28,2024-01-04,BULL_CALL,50,86.35,4317.5,-4317.5,61.99,-4379.49,0.0
Candidate 2,2024-01-15,2024-01-18,BULL_CALL,50,55.15,2757.5,-2757.5,54.42,-2811.92,0.0
Candidate 2,2024-01-19,2024-01-25,BEAR_PUT,50,83.85,4192.5,5807.5,80.49,5727.01,0.0
Candidate 2,2024-02-05,2024-02-08,BULL_CALL,50,95.55,4777.5,-4777.5,56.34,-4833.84,0.0
Candidate 2,2024-02-19,2024-02-22,BULL_CALL,50,99.7,4985.0,887.5,66.2,821.3,0.0
Candidate 2,2024-02-23,2024-02-29,BULL_CALL,50,76.7,3835.0,-3835.0,56.37,-3891.37,0.0
Candidate 2,2024-03-04,2024-03-07,BULL_CALL,50,92.3,4615.0,62.5,64.08,-1.58,0.0
Candidate 2,2024-03-07,2024-03-14,BULL_CALL,50,113.2,5660.0,-5660.0,58.6,-5718.6,0.0
Candidate 2,2024-03-20,2024-03-21,BEAR_PUT,50,50.2,2510.0,-2510.0,52.42,-2562.42,0.0
Candidate 2,2024-04-01,2024-04-04,BULL_CALL,50,59.35,2967.5,265.0,58.92,206.08,0.0
Candidate 2,2024-04-05,2024-04-10,BULL_CALL,50,85.45,4272.5,5727.5,79.83,5647.67,0.0
Candidate 2,2024-04-12,2024-04-18,BULL_CALL,50,91.25,4562.5,-4562.5,54.98,-4617.48,0.0
Candidate 2,2024-04-30,2024-05-02,BULL_CALL,25,74.1,1852.5,-1852.5,49.04,-1901.54,0.0
Candidate 2,2024-05-03,2024-05-09,BULL_CALL,25,72.45,1811.25,-1811.25,51.94,-1863.19,0.0
Candidate 2,2024-05-10,2024-05-16,BEAR_PUT,25,70.05,1751.25,-1751.25,52.42,-1803.67,0.0
Candidate 2,2024-05-22,2024-05-23,BULL_CALL,25,52.25,1306.25,3693.75,68.23,3625.52,0.0
Candidate 2,2024-06-10,2024-06-13,BULL_CALL,25,90.1,2252.5,220.0,58.66,161.34,0.0
Candidate 2,2024-06-13,2024-06-20,BULL_CALL,25,63.6,1590.0,85.0,55.08,29.92,0.0
Candidate 2,2024-06-21,2024-06-27,BULL_CALL,25,72.4,1810.0,3190.0,71.37,3118.63,0.0
Candidate 2,2024-07-02,2024-07-04,BULL_CALL,25,65.25,1631.25,-327.5,51.64,-379.14,0.0
Candidate 2,2024-07-04,2024-07-11,BULL_CALL,25,119.1,2977.5,-2977.5,52.4,-3029.9,0.0
Candidate 2,2024-07-15,2024-07-18,BULL_CALL,25,74.95,1873.75,3126.25,58.99,3067.26,0.0
Candidate 2,2024-07-29,2024-08-01,BULL_CALL,25,81.85,2046.25,-523.75,53.57,-577.32,0.0
Candidate 2,2024-08-06,2024-08-08,BEAR_PUT,25,7.2,180.0,1895.0,57.33,1837.67,0.0
Candidate 2,2024-08-21,2024-08-22,BULL_CALL,25,64.6,1615.0,1172.5,53.97,1118.53,0.0
Candidate 2,2024-09-13,2024-09-19,BULL_CALL,25,58.2,1455.0,-1455.0,49.98,-1504.98,0.0
Candidate 2,2024-09-23,2024-09-26,BULL_CALL,25,65.2,1630.0,3370.0,70.27,3299.73,0.0
Candidate 2,2024-10-04,2024-10-10,BEAR_PUT,25,53.15,1328.75,3671.25,61.86,3609.39,0.0
Candidate 2,2024-10-18,2024-10-24,BEAR_PUT,25,53.55,1338.75,3661.25,64.88,3596.37,0.0
Candidate 2,2024-11-05,2024-11-07,BEAR_PUT,25,60.2,1505.0,-1505.0,53.66,-1558.66,0.0
Candidate 2,2024-11-07,2024-11-14,BULL_CALL,25,81.45,2036.25,-2036.25,55.03,-2091.28,0.0
Candidate 2,2024-11-22,2024-11-28,BEAR_PUT,25,72.2,1805.0,-1805.0,54.76,-1859.76,0.0
Candidate 2,2024-11-28,2024-12-05,BULL_CALL,25,107.1,2677.5,2322.5,80.86,2241.64,0.0
Candidate 2,2024-12-16,2024-12-19,BULL_CALL,25,50.15,1253.75,-1253.75,51.96,-1305.71,0.0
Candidate 2,2025-01-10,2025-01-16,BEAR_PUT,75,77.15,5786.25,9213.75,101.62,9112.13,0.0
Candidate 2,2025-01-22,2025-01-23,BEAR_PUT,75,52.2,3915.0,-3915.0,57.58,-3972.58,0.0
Candidate 2,2025-01-28,2025-01-30,BEAR_PUT,25,76.1,1902.5,-1902.5,52.93,-1955.43,0.0
Candidate 2,2025-02-03,2025-02-06,BULL_CALL,75,100.0,7500.0,7500.0,114.61,7385.39,0.0
Candidate 2,2025-02-13,2025-02-20,BEAR_PUT,75,72.5,5437.5,4826.25,86.9,4739.35,0.0
Candidate 2,2025-02-21,2025-02-27,BEAR_PUT,75,58.5,4387.5,10612.5,109.12,10503.38,0.0
Candidate 2,2025-03-19,2025-03-20,BULL_CALL,75,79.7,5977.5,9022.5,108.07,8914.43,0.0
Candidate 2,2025-04-07,2025-04-09,BEAR_PUT,75,53.45,4008.75,-4008.75,74.56,-4083.31,0.0
Candidate 2,2025-04-21,2025-04-24,BULL_CALL,75,55.6,4170.0,10830.0,110.8,10719.2,0.0
Candidate 2,2025-04-30,2025-05-08,BULL_CALL,75,105.05,7878.75,-7878.75,72.26,-7951.01,0.0
Candidate 2,2025-05-12,2025-05-15,BEAR_PUT,75,0.25,18.75,-18.75,77.06,-95.81,0.0
Candidate 2,2025-05-16,2025-05-22,BULL_CALL,75,88.9,6667.5,-6667.5,68.81,-6736.31,0.0
Candidate 2,2025-06-04,2025-06-05,BEAR_PUT,75,83.6,6270.0,-6270.0,58.38,-6328.38,0.0
Candidate 2,2025-06-09,2025-06-12,BULL_CALL,75,71.15,5336.25,-5336.25,62.61,-5398.86,0.0
Candidate 2,2025-06-26,2025-07-03,BULL_CALL,75,91.1,6832.5,4815.0,89.47,4725.53,0.0
Candidate 2,2025-07-11,2025-07-17,BEAR_PUT,75,48.25,3618.75,6772.5,77.68,6694.82,0.0
Candidate 2,2025-07-21,2025-07-24,BEAR_PUT,75,66.4,4980.0,-4980.0,59.2,-5039.2,0.0
Candidate 2,2025-07-28,2025-07-31,BEAR_PUT,75,49.65,3723.75,-1350.0,62.0,-1412.0,0.0
Candidate 2,2025-08-04,2025-08-07,BEAR_PUT,75,73.2,5490.0,-5201.25,64.1,-5265.35,0.0
Candidate 2,2025-08-11,2025-08-14,BEAR_PUT,75,58.0,4350.0,-4350.0,57.72,-4407.72,0.0
Candidate 2,2025-08-19,2025-08-21,BULL_CALL,75,86.3,6472.5,7308.75,83.97,7224.78,0.0
Candidate 2,2025-09-01,2025-09-02,BEAR_PUT,75,46.3,3472.5,-3472.5,52.48,-3524.98,0.0
Candidate 2,2025-09-11,2025-09-16,BULL_CALL,75,96.75,7256.25,7743.75,105.19,7638.56,0.0
Candidate 2,2025-09-17,2025-09-23,BULL_CALL,75,77.85,5838.75,-5838.75,59.99,-5898.74,0.0
Candidate 2,2025-09-26,2025-09-30,BEAR_PUT,75,36.05,2703.75,11463.75,77.53,11386.22,0.0
Candidate 2,2025-10-10,2025-10-14,BULL_CALL,75,83.45,6258.75,-6258.75,56.68,-6315.43,0.0
Candidate 2,2025-10-16,2025-10-20,BULL_CALL,75,72.65,5448.75,9551.25,127.25,9424.0,0.0
Candidate 2,2025-10-28,2025-11-04,BULL_CALL,75,103.85,7788.75,-7788.75,76.1,-7864.85,0.0
Candidate 2,2025-11-06,2025-11-11,BEAR_PUT,75,64.25,4818.75,-4818.75,59.97,-4878.72,0.0
Candidate 2,2025-11-17,2025-11-18,BULL_CALL,75,68.2,5115.0,-5115.0,55.77,-5170.77,0.0
Candidate 2,2025-11-20,2025-11-25,BULL_CALL,75,84.25,6318.75,-6318.75,58.73,-6377.48,0.0
Candidate 2,2025-11-27,2025-12-02,BULL_CALL,75,73.25,5493.75,-5493.75,60.05,-5553.8,0.0
Candidate 2,2025-12-10,2025-12-16,BEAR_PUT,75,90.9,6817.5,-6817.5,59.59,-6877.09,0.0
Candidate 2,2026-01-05,2026-01-06,BULL_CALL,65,59.25,3851.25,-3851.25,50.58,-3901.83,0.0
Candidate 2,2026-01-09,2026-01-13,BEAR_PUT,65,49.8,3237.0,4413.5,66.93,4346.57,0.0
Candidate 2,2026-01-16,2026-01-20,BEAR_PUT,65,58.1,3776.5,9223.5,122.53,9100.97,0.0
Candidate 2,2026-01-20,2026-01-27,BEAR_PUT,65,57.75,3753.75,9246.25,122.62,9123.63,0.0
Candidate 2,2026-01-27,2026-02-03,BEAR_PUT,65,69.9,4543.5,-4543.5,71.33,-4614.83,0.0
Candidate 2,2026-02-04,2026-02-10,BULL_CALL,65,91.75,5963.75,7036.25,95.86,6940.39,0.0
Candidate 2,2026-02-10,2026-02-17,BULL_CALL,65,75.65,4917.25,-4917.25,63.12,-4980.37,0.0
Candidate 2,2026-02-20,2026-02-24,BEAR_PUT,65,71.15,4624.75,-4624.75,61.43,-4686.18,0.0
Candidate 2,2026-02-25,2026-03-02,BEAR_PUT,65,79.1,5141.5,7858.5,154.5,7704.0,0.0
Candidate 2,2026-03-02,2026-03-10,BEAR_PUT,65,44.2,2873.0,10127.0,117.94,10009.06,0.0
Candidate 2,2026-03-12,2026-03-17,BEAR_PUT,65,56.9,3698.5,776.75,90.03,686.72,0.0
Candidate 2,2026-03-20,2026-03-24,BEAR_PUT,65,92.8,6032.0,6162.0,97.49,6064.51,0.0
Candidate 2,2026-04-16,2026-04-21,BULL_CALL,65,74.2,4823.0,6656.0,82.96,6573.04,0.0
Candidate 2,2026-05-12,2026-05-19,BEAR_PUT,65,75.0,4875.0,455.0,78.72,376.28,0.0
Candidate 2,2026-05-26,2026-06-02,BULL_CALL,65,82.95,5391.75,-5391.75,72.43,-5464.18,0.0
Candidate 2,2026-06-08,2026-06-09,BEAR_PUT,65,40.45,2629.25,-2629.25,54.54,-2683.79,0.0
Candidate 2,2026-06-15,2026-06-16,BULL_CALL,65,52.05,3383.25,-3383.25,54.6,-3437.85,0.0
Candidate 2,2026-07-03,2026-07-07,BULL_CALL,65,54.5,3542.5,-3542.5,51.64,-3594.14,0.0
Candidate 2,2026-07-24,2026-07-28,BEAR_PUT,65,61.35,3987.75,-3987.75,55.82,-4043.57,0.0
Candidate 2,2026-08-03,2026-08-04,BULL_CALL,65,53.0,3445.0,773.5,58.69,714.81,0.0
Candidate 2,2026-08-17,2026-08-18,BEAR_PUT,65,45.2,2938.0,9743.5,73.8,9669.7,0.0
Candidate 2,2026-09-02,2026-09-08,BEAR_PUT,65,58.2,3783.0,9217.0,82.3,9134.7,0.0
Candidate 2,2026-09-08,2026-09-15,BEAR_PUT,65,77.5,5037.5,7962.5,149.78,7812.72,0.0
Candidate 3,2021-09-24,2021-09-30,BULL_CALL,50,76.95,3847.5,-3847.5,53.63,-3901.13,0.0
Candidate 3,2021-10-11,2021-10-14,BULL_CALL,50,122.05,6102.5,6397.5,104.86,6292.64,0.0
Candidate 3,2021-10-29,2021-11-03,BEAR_PUT,50,105.2,5260.0,-4220.0,58.8,-4278.8,0.0
Candidate 3,2021-11-22,2021-11-25,BEAR_PUT,50,122.25,6112.5,6387.5,79.81,6307.69,0.0
Candidate 3,2021-11-25,2021-12-02,BEAR_PUT,50,106.65,5332.5,-5332.5,56.2,-5388.7,0.0
Candidate 3,2021-12-07,2021-12-09,BEAR_PUT,50,67.85,3392.5,-3392.5,54.81,-3447.31,0.0
Candidate 3,2021-12-21,2021-12-23,BEAR_PUT,50,52.35,2617.5,-2617.5,54.0,-2671.5,0.0
Candidate 3,2022-01-03,2022-01-06,BULL_CALL,50,87.2,4360.0,8140.0,86.69,8053.31,0.0
Candidate 3,2022-01-11,2022-01-13,BULL_CALL,50,92.2,4610.0,7890.0,76.31,7813.69,0.0
Candidate 3,2022-01-18,2022-01-20,BULL_CALL,50,72.6,3630.0,-3630.0,50.78,-3680.78,0.0
Candidate 3,2022-01-24,2022-01-27,BEAR_PUT,50,15.5,775.0,11725.0,115.91,11609.09,0.0
Candidate 3,2022-01-28,2022-02-03,BEAR_PUT,50,1.55,77.5,-77.5,70.18,-147.68,0.0
Candidate 3,2022-02-15,2022-02-17,BEAR_PUT,50,49.15,2457.5,-2457.5,60.17,-2517.67,0.0
Candidate 3,2022-03-30,2022-03-31,BULL_CALL,50,108.2,5410.0,-4672.5,53.75,-4726.25,0.0
Candidate 3,2022-04-04,2022-04-07,BULL_CALL,50,73.05,3652.5,-3652.5,51.36,-3703.86,0.0
Candidate 3,2022-04-19,2022-04-21,BEAR_PUT,50,90.15,4507.5,-4507.5,52.91,-4560.41,0.0
Candidate 3,2022-04-26,2022-04-28,BEAR_PUT,50,35.4,1770.0,-1770.0,53.32,-1823.32,0.0
Candidate 3,2022-05-05,2022-05-12,BEAR_PUT,50,97.15,4857.5,7642.5,181.49,7461.01,0.0
Candidate 3,2022-05-30,2022-06-02,BULL_CALL,50,79.7,3985.0,-85.0,58.8,-143.8,0.0
Candidate 3,2022-06-13,2022-06-16,BEAR_PUT,50,60.05,3002.5,9497.5,110.13,9387.37,0.0
Candidate 3,2022-06-28,2022-06-30,BULL_CALL,50,87.85,4392.5,-2880.0,56.14,-2936.14,0.0
Candidate 3,2022-07-07,2022-07-14,BULL_CALL,50,124.45,6222.5,-6222.5,54.34,-6276.84,0.0
Candidate 3,2022-07-19,2022-07-21,BULL_CALL,50,72.15,3607.5,8892.5,92.98,8799.52,0.0
Candidate 3,2022-07-29,2022-08-04,BULL_CALL,50,75.65,3782.5,8717.5,80.1,8637.4,0.0
Candidate 3,2022-08-08,2022-08-11,BULL_CALL,50,100.15,5007.5,7492.5,77.17,7415.33,0.0
Candidate 3,2022-08-30,2022-09-01,BEAR_PUT,50,69.25,3462.5,-3462.5,52.09,-3514.59,0.0
Candidate 3,2022-09-09,2022-09-15,BULL_CALL,50,101.7,5085.0,-5085.0,53.42,-5138.42,0.0
Candidate 3,2022-09-19,2022-09-22,BEAR_PUT,50,110.4,5520.0,-5520.0,56.02,-5576.02,0.0
Candidate 3,2022-09-26,2022-09-29,BEAR_PUT,50,65.95,3297.5,9202.5,89.46,9113.04,0.0
Candidate 3,2022-10-19,2022-10-20,BULL_CALL,50,72.05,3602.5,-2905.0,51.22,-2956.22,0.0
Candidate 3,2022-10-28,2022-11-03,BULL_CALL,50,92.3,4615.0,7885.0,84.07,7800.93,0.0
Candidate 3,2022-11-09,2022-11-10,BULL_CALL,50,50.9,2545.0,-2545.0,49.17,-2594.17,0.0
Candidate 3,2022-11-14,2022-11-17,BULL_CALL,50,81.2,4060.0,-4060.0,50.91,-4110.91,0.0
Candidate 3,2022-11-25,2022-12-01,BULL_CALL,50,80.2,4010.0,8490.0,75.95,8414.05,0.0
Candidate 3,2022-12-12,2022-12-15,BEAR_PUT,50,57.1,2855.0,-2855.0,50.08,-2905.08,0.0
Candidate 3,2022-12-16,2022-12-22,BEAR_PUT,50,61.35,3067.5,5565.0,67.64,5497.36,0.0
Candidate 3,2022-12-22,2022-12-29,BEAR_PUT,50,98.0,4900.0,550.0,65.96,484.04,0.0
Candidate 3,2023-01-13,2023-01-19,BEAR_PUT,50,75.45,3772.5,-3772.5,54.04,-3826.54,0.0
Candidate 3,2023-01-19,2023-01-25,BULL_CALL,50,96.2,4810.0,-4810.0,55.23,-4865.23,0.0
Candidate 3,2023-01-30,2023-02-02,BEAR_PUT,50,68.0,3400.0,-3400.0,56.85,-3456.85,0.0
Candidate 3,2023-02-10,2023-02-16,BULL_CALL,50,109.2,5460.0,3832.5,71.0,3761.5,0.0
Candidate 3,2023-02-23,2023-03-02,BEAR_PUT,50,73.4,3670.0,7735.0,74.24,7660.76,0.0
Candidate 3,2023-03-14,2023-03-16,BEAR_PUT,50,67.25,3362.5,4857.5,67.53,4789.97,0.0
Candidate 3,2023-03-27,2023-03-29,BEAR_PUT,50,74.9,3745.0,-3745.0,52.73,-3797.73,0.0
Candidate 3,2023-04-03,2023-04-06,BULL_CALL,50,51.75,2587.5,4870.0,63.21,4806.79,0.0
Candidate 3,2023-04-28,2023-05-04,BULL_CALL,50,87.15,4357.5,8142.5,80.81,8061.69,0.0
Candidate 3,2023-05-05,2023-05-11,BULL_CALL,50,106.9,5345.0,4505.0,71.25,4433.75,0.0
Candidate 3,2023-05-16,2023-05-18,BULL_CALL,50,52.7,2635.0,-2635.0,49.06,-2684.06,0.0
Candidate 3,2023-05-29,2023-06-01,BULL_CALL,50,79.65,3982.5,-3982.5,50.36,-4032.86,0.0
Candidate 3,2023-06-08,2023-06-15,BULL_CALL,50,85.3,4265.0,-4265.0,51.59,-4316.59,0.0
Candidate 3,2023-06-15,2023-06-22,BULL_CALL,50,104.25,5212.5,-4150.0,54.59,-4204.59,0.0
Candidate 3,2023-06-30,2023-07-06,BULL_CALL,50,50.05,2502.5,9997.5,90.75,9906.75,0.0
Candidate 3,2023-07-17,2023-07-20,BULL_CALL,50,72.75,3637.5,8862.5,89.04,8773.46,0.0
Candidate 3,2023-08-03,2023-08-10,BEAR_PUT,50,67.35,3367.5,-3367.5,52.76,-3420.26,0.0
Candidate 3,2023-08-18,2023-08-24,BEAR_PUT,50,76.2,3810.0,-3810.0,51.3,-3861.3,0.0
Candidate 3,2023-08-28,2023-08-31,BEAR_PUT,50,86.1,4305.0,-1995.0,56.32,-2051.32,0.0
Candidate 3,2023-09-01,2023-09-07,BEAR_PUT,50,49.2,2460.0,-2460.0,50.65,-2510.65,0.0
Candidate 3,2023-09-14,2023-09-21,BULL_CALL,50,78.55,3927.5,-3927.5,52.12,-3979.62,0.0
Candidate 3,2023-09-25,2023-09-28,BEAR_PUT,50,61.75,3087.5,5735.0,67.05,5667.95,0.0
Candidate 3,2023-09-29,2023-10-05,BEAR_PUT,50,91.7,4585.0,-1872.5,58.57,-1931.07,0.0
Candidate 3,2023-10-05,2023-10-12,BEAR_PUT,50,72.75,3637.5,-3637.5,52.39,-3689.89,0.0
Candidate 3,2023-10-12,2023-10-19,BULL_CALL,50,108.75,5437.5,-5437.5,54.15,-5491.65,0.0
Candidate 3,2023-10-25,2023-10-26,BEAR_PUT,50,95.2,4760.0,7740.0,97.71,7642.29,0.0
Candidate 3,2023-11-09,2023-11-16,BULL_CALL,50,83.25,4162.5,8337.5,83.2,8254.3,0.0
Candidate 3,2023-11-22,2023-11-23,BULL_CALL,50,55.05,2752.5,-2652.5,49.56,-2702.06,0.0
Candidate 3,2023-11-29,2023-11-30,BULL_CALL,50,51.6,2580.0,4077.5,61.23,4016.27,0.0
Candidate 3,2023-12-11,2023-12-14,BULL_CALL,50,113.0,5650.0,5985.0,75.54,5909.46,0.0
Candidate 3,2023-12-15,2023-12-21,BULL_CALL,50,78.8,3940.0,-3940.0,54.87,-3994.87,0.0
Candidate 3,2023-12-28,2024-01-04,BULL_CALL,50,108.8,5440.0,-5440.0,60.62,-5500.62,0.0
Candidate 3,2024-01-15,2024-01-18,BULL_CALL,50,84.95,4247.5,-4247.5,52.6,-4300.1,0.0
Candidate 3,2024-01-19,2024-01-25,BEAR_PUT,50,104.85,5242.5,7127.5,77.82,7049.68,0.0
Candidate 3,2024-02-05,2024-02-08,BULL_CALL,50,109.75,5487.5,-5487.5,55.47,-5542.97,0.0
Candidate 3,2024-02-19,2024-02-22,BULL_CALL,50,114.4,5720.0,152.5,65.3,87.2,0.0
Candidate 3,2024-02-23,2024-02-29,BULL_CALL,50,91.35,4567.5,-4567.5,55.48,-4622.98,0.0
Candidate 3,2024-03-04,2024-03-07,BULL_CALL,50,108.75,5437.5,-760.0,63.08,-823.08,0.0
Candidate 3,2024-03-07,2024-03-14,BULL_CALL,50,127.15,6357.5,-6357.5,57.75,-6415.25,0.0
Candidate 3,2024-03-20,2024-03-21,BEAR_PUT,50,66.55,3327.5,-3327.5,51.43,-3378.93,0.0
Candidate 3,2024-04-01,2024-04-04,BULL_CALL,50,66.85,3342.5,-110.0,58.47,-168.47,0.0
Candidate 3,2024-04-05,2024-04-10,BULL_CALL,50,95.5,4775.0,7725.0,77.74,7647.26,0.0
Candidate 3,2024-04-12,2024-04-18,BULL_CALL,50,106.1,5305.0,-5305.0,54.08,-5359.08,0.0
Candidate 3,2024-04-30,2024-05-02,BULL_CALL,25,78.25,1956.25,-1956.25,48.91,-2005.16,0.0
Candidate 3,2024-05-03,2024-05-09,BULL_CALL,25,99.3,2482.5,-2482.5,51.12,-2533.62,0.0
Candidate 3,2024-05-10,2024-05-16,BEAR_PUT,25,80.1,2002.5,-2002.5,52.11,-2054.61,0.0
Candidate 3,2024-05-22,2024-05-23,BULL_CALL,25,60.25,1506.25,4743.75,67.25,4676.5,0.0
Candidate 3,2024-06-10,2024-06-13,BULL_CALL,25,102.1,2552.5,-80.0,58.29,-138.29,0.0
Candidate 3,2024-06-13,2024-06-20,BULL_CALL,25,93.55,2338.75,-663.75,54.17,-717.92,0.0
Candidate 3,2024-06-21,2024-06-27,BULL_CALL,25,80.75,2018.75,4231.25,70.38,4160.87,0.0
Candidate 3,2024-07-02,2024-07-04,BULL_CALL,25,71.25,1781.25,-477.5,51.46,-528.96,0.0
Candidate 3,2024-07-04,2024-07-11,BULL_CALL,25,126.2,3155.0,-3155.0,52.19,-3207.19,0.0
Candidate 3,2024-07-15,2024-07-18,BULL_CALL,25,89.45,2236.25,2785.0,58.54,2726.46,0.0
Candidate 3,2024-07-29,2024-08-01,BULL_CALL,25,101.85,2546.25,-1023.75,52.96,-1076.71,0.0
Candidate 3,2024-08-06,2024-08-08,BEAR_PUT,25,42.15,1053.75,1021.25,56.27,964.98,0.0
Candidate 3,2024-08-21,2024-08-22,BULL_CALL,25,70.55,1763.75,1023.75,53.79,969.96,0.0
Candidate 3,2024-09-13,2024-09-19,BULL_CALL,25,70.2,1755.0,-1755.0,49.62,-1804.62,0.0
Candidate 3,2024-09-23,2024-09-26,BULL_CALL,25,101.75,2543.75,3706.25,68.42,3637.83,0.0
Candidate 3,2024-10-04,2024-10-10,BEAR_PUT,25,55.35,1383.75,3655.0,61.75,3593.25,0.0
Candidate 3,2024-10-18,2024-10-24,BEAR_PUT,25,71.2,1780.0,4470.0,63.44,4406.56,0.0
Candidate 3,2024-11-05,2024-11-07,BEAR_PUT,25,81.85,2046.25,-2046.25,52.8,-2099.05,0.0
Candidate 3,2024-11-07,2024-11-14,BULL_CALL,25,94.5,2362.5,-2362.5,54.51,-2417.01,0.0
Candidate 3,2024-11-22,2024-11-28,BEAR_PUT,25,90.6,2265.0,-2265.0,54.03,-2319.03,0.0
Candidate 3,2024-11-28,2024-12-05,BULL_CALL,25,144.55,3613.75,2636.25,78.63,2557.62,0.0
Candidate 3,2024-12-16,2024-12-19,BULL_CALL,25,58.95,1473.75,-1473.75,51.61,-1525.36,0.0
Candidate 3,2025-01-10,2025-01-16,BEAR_PUT,75,99.65,7473.75,10391.25,97.25,10294.0,0.0
Candidate 3,2025-01-22,2025-01-23,BEAR_PUT,75,60.25,4518.75,-4518.75,56.62,-4575.37,0.0
Candidate 3,2025-01-28,2025-01-30,BEAR_PUT,25,91.45,2286.25,-2286.25,52.32,-2338.57,0.0
Candidate 3,2025-02-03,2025-02-06,BULL_CALL,75,138.2,10365.0,8385.0,107.83,8277.17,0.0
Candidate 3,2025-02-13,2025-02-20,BEAR_PUT,75,86.6,6495.0,3768.75,85.21,3683.54,0.0
Candidate 3,2025-02-21,2025-02-27,BEAR_PUT,75,74.1,5557.5,13192.5,105.04,13087.46,0.0
Candidate 3,2025-03-19,2025-03-20,BULL_CALL,75,93.2,6990.0,11760.0,104.24,11655.76,0.0
Candidate 3,2025-04-07,2025-04-09,BEAR_PUT,75,103.45,7758.75,-7758.75,68.6,-7827.35,0.0
Candidate 3,2025-04-21,2025-04-24,BULL_CALL,75,87.1,6532.5,12217.5,104.82,12112.68,0.0
Candidate 3,2025-04-30,2025-05-08,BULL_CALL,75,126.1,9457.5,-9457.5,69.75,-9527.25,0.0
Candidate 3,2025-05-12,2025-05-15,BEAR_PUT,75,90.25,6768.75,-6768.75,66.32,-6835.07,0.0
Candidate 3,2025-05-16,2025-05-22,BULL_CALL,75,109.35,8201.25,-8201.25,66.37,-8267.62,0.0
Candidate 3,2025-06-04,2025-06-05,BEAR_PUT,75,87.7,6577.5,-6577.5,57.89,-6635.39,0.0
Candidate 3,2025-06-09,2025-06-12,BULL_CALL,75,97.15,7286.25,-7286.25,59.51,-7345.76,0.0
Candidate 3,2025-06-26,2025-07-03,BULL_CALL,75,107.1,8032.5,3615.0,87.56,3527.44,0.0
Candidate 3,2025-07-11,2025-07-17,BEAR_PUT,75,63.2,4740.0,5651.25,75.9,5575.35,0.0
Candidate 3,2025-07-21,2025-07-24,BEAR_PUT,75,84.2,6315.0,-6315.0,57.08,-6372.08,0.0
Candidate 3,2025-07-28,2025-07-31,BEAR_PUT,75,67.05,5028.75,-2655.0,59.92,-2714.92,0.0
Candidate 3,2025-08-04,2025-08-07,BEAR_PUT,75,86.2,6465.0,-6176.25,62.55,-6238.8,0.0
Candidate 3,2025-08-11,2025-08-14,BEAR_PUT,75,67.0,5025.0,-5025.0,56.64,-5081.64,0.0
Candidate 3,2025-08-19,2025-08-21,BULL_CALL,75,99.9,7492.5,6288.75,82.35,6206.4,0.0
Candidate 3,2025-09-01,2025-09-02,BEAR_PUT,75,50.5,3787.5,-3787.5,51.98,-3839.48,0.0
Candidate 3,2025-09-11,2025-09-16,BULL_CALL,75,115.5,8662.5,10087.5,100.73,9986.77,0.0
Candidate 3,2025-09-17,2025-09-23,BULL_CALL,75,93.2,6990.0,-6990.0,58.16,-7048.16,0.0
Candidate 3,2025-09-26,2025-09-30,BEAR_PUT,75,38.6,2895.0,11272.5,77.22,11195.28,0.0
Candidate 3,2025-10-10,2025-10-14,BULL_CALL,75,97.45,7308.75,-7308.75,55.01,-7363.76,0.0
Candidate 3,2025-10-16,2025-10-20,BULL_CALL,75,81.2,6090.0,12660.0,124.01,12535.99,0.0
Candidate 3,2025-10-28,2025-11-04,BULL_CALL,75,126.85,9513.75,-9513.75,73.35,-9587.1,0.0
Candidate 3,2025-11-06,2025-11-11,BEAR_PUT,75,70.15,5261.25,-5261.25,59.26,-5320.51,0.0
Candidate 3,2025-11-17,2025-11-18,BULL_CALL,75,81.9,6142.5,-6142.5,54.14,-6196.64,0.0
Candidate 3,2025-11-20,2025-11-25,BULL_CALL,75,92.3,6922.5,-6922.5,57.77,-6980.27,0.0
Candidate 3,2025-11-27,2025-12-02,BULL_CALL,75,97.9,7342.5,-7342.5,57.11,-7399.61,0.0
Candidate 3,2025-12-10,2025-12-16,BEAR_PUT,75,100.75,7556.25,-7556.25,58.41,-7614.66,0.0
Candidate 3,2026-01-05,2026-01-06,BULL_CALL,65,61.05,3968.25,-3968.25,50.39,-4018.64,0.0
Candidate 3,2026-01-09,2026-01-13,BEAR_PUT,65,55.8,3627.0,4023.5,66.31,3957.19,0.0
Candidate 3,2026-01-16,2026-01-20,BEAR_PUT,65,62.2,4043.0,12207.0,120.19,12086.81,0.0
Candidate 3,2026-01-20,2026-01-27,BEAR_PUT,65,82.75,5378.75,10871.25,118.12,10753.13,0.0
Candidate 3,2026-01-27,2026-02-03,BEAR_PUT,65,68.6,4459.0,-4459.0,71.47,-4530.47,0.0
Candidate 3,2026-02-04,2026-02-10,BULL_CALL,65,100.4,6526.0,8758.75,93.62,8665.13,0.0
Candidate 3,2026-02-10,2026-02-17,BULL_CALL,65,95.35,6197.75,-6197.75,61.08,-6258.83,0.0
Candidate 3,2026-02-20,2026-02-24,BEAR_PUT,65,98.45,6399.25,-6399.25,58.6,-6457.85,0.0
Candidate 3,2026-02-25,2026-03-02,BEAR_PUT,65,71.2,4628.0,11622.0,153.39,11468.61,0.0
Candidate 3,2026-03-02,2026-03-10,BEAR_PUT,65,65.2,4238.0,12012.0,113.84,11898.16,0.0
Candidate 3,2026-03-12,2026-03-17,BEAR_PUT,65,136.25,8856.25,-4381.0,81.82,-4462.82,0.0
Candidate 3,2026-03-20,2026-03-24,BEAR_PUT,65,91.4,5941.0,6253.0,97.63,6155.37,0.0
Candidate 3,2026-04-13,2026-04-21,BULL_CALL,65,145.75,9473.75,6776.25,229.54,6546.71,0.0
Candidate 3,2026-05-12,2026-05-19,BEAR_PUT,65,85.0,5525.0,-195.0,77.69,-272.69,0.0
Candidate 3,2026-05-26,2026-06-02,BULL_CALL,65,105.7,6870.5,-6870.5,70.08,-6940.58,0.0
Candidate 3,2026-06-08,2026-06-09,BEAR_PUT,65,48.2,3133.0,-3133.0,53.73,-3186.73,0.0
Candidate 3,2026-06-15,2026-06-16,BULL_CALL,65,53.45,3474.25,-3474.25,54.46,-3528.71,0.0
Candidate 3,2026-07-03,2026-07-07,BULL_CALL,65,65.05,4228.25,-4228.25,50.55,-4278.8,0.0
Candidate 3,2026-07-24,2026-07-28,BEAR_PUT,65,74.25,4826.25,-4826.25,54.49,-4880.74,0.0
Candidate 3,2026-08-03,2026-08-04,BULL_CALL,65,58.85,3825.25,393.25,58.08,335.17,0.0
Candidate 3,2026-08-17,2026-08-18,BEAR_PUT,65,47.5,3087.5,9594.0,73.56,9520.44,0.0
Candidate 3,2026-09-02,2026-09-08,BEAR_PUT,65,52.2,3393.0,10575.5,82.35,10493.15,0.0
Candidate 3,2026-09-08,2026-09-15,BEAR_PUT,65,78.95,5131.75,11118.25,147.7,10970.55,0.0
