trade_id,candidate,sess,expiry,spot,settle,vix,rsi,em,lot,structure,spread_type,short_strike,wing_strike,short_fill,wing_fill,credit_pts,wing_width,max_risk,gross,brokerage,stt,exchange_fees,gst,stamp_duty,sebi,slippage,total_costs,net
1,C1_TREND_AUTO_1.8SD_W200,2021-09-30,2021-10-07,17618.15,17790.35,18.84,68.66570975850259,388.49,50,spread,BULL_PUT,16900.0,16700.0,12.86,7.32,5.54,200.0,9723.0,277.0,40.0,0.4,0.5,7.29,0.01,0.0,10.0,58.21,218.79
2,C1_TREND_AUTO_1.8SD_W200,2021-10-07,2021-10-14,17790.35,18338.55,17.33,58.78552569165237,360.85,50,spread,BULL_PUT,17150.0,16950.0,9.92,6.67,3.25,200.0,9837.5,162.5,40.0,0.31,0.41,7.27,0.01,0.0,10.0,58.01,104.49
3,C1_TREND_AUTO_1.8SD_W200,2021-10-21,2021-10-28,18178.1,17857.25,18.31,67.01250186454476,389.56,50,spread,BULL_PUT,17500.0,17300.0,13.96,7.62,6.34,200.0,9683.0,317.0,40.0,0.44,0.54,7.3,0.01,0.0,10.0,58.29,258.71
4,C1_TREND_AUTO_1.8SD_W200,2021-11-03,2021-11-11,17829.2,17873.6,17.06,49.8221810004215,356.0,50,spread,BULL_PUT,17200.0,17000.0,10.32,6.02,4.3,200.0,9785.0,215.0,40.0,0.32,0.41,7.27,0.01,0.0,10.0,58.01,156.99
5,C1_TREND_AUTO_1.8SD_W200,2021-11-11,2021-11-18,17873.6,17764.8,16.31,53.4507691152153,341.2,50,spread,BULL_PUT,17250.0,17050.0,8.32,4.66,3.66,200.0,9817.0,183.0,40.0,0.26,0.32,7.26,0.01,0.0,10.0,57.85,125.15
6,C1_TREND_AUTO_1.8SD_W200,2021-12-09,2021-12-16,17516.85,17248.4,17.27,49.32450582807695,354.07,50,spread,BEAR_CALL,18150.0,18350.0,4.49,2.61,1.88,200.0,9906.0,94.0,40.0,0.14,0.18,7.23,0.0,0.0,10.0,57.55,36.45
7,C1_TREND_AUTO_1.8SD_W200,2021-12-16,2021-12-23,17248.4,17072.6,17.22,43.54994501418106,347.63,50,spread,BEAR_CALL,17850.0,18050.0,7.63,4.21,3.42,200.0,9829.0,171.0,40.0,0.24,0.3,7.25,0.01,0.0,10.0,57.79,113.21
8,C1_TREND_AUTO_1.8SD_W200,2021-12-23,2021-12-30,17072.6,17203.95,16.58,42.07689254272108,331.3,50,spread,BEAR_CALL,17650.0,17850.0,7.73,3.91,3.82,200.0,9809.0,191.0,40.0,0.24,0.29,7.25,0.01,0.0,10.0,57.79,133.21
9,C1_TREND_AUTO_1.8SD_W200,2021-12-30,2022-01-06,17203.95,17745.9,16.24,49.26786399004135,327.0,50,spread,BEAR_CALL,17800.0,18000.0,3.84,2.66,1.18,200.0,9941.0,59.0,40.0,0.12,0.16,7.23,0.0,0.0,10.0,57.52,1.48
10,C1_TREND_AUTO_1.8SD_W200,2022-01-06,2022-01-13,17745.9,18257.8,17.23,65.47398052529954,357.87,50,spread,BULL_PUT,17100.0,16900.0,19.49,11.73,7.76,200.0,9612.0,388.0,40.0,0.61,0.78,7.34,0.02,0.0,10.0,58.75,329.25
11,C1_TREND_AUTO_1.8SD_W200,2022-01-13,2022-01-20,18257.8,17757.0,17.18,68.52470253210022,367.12,50,spread,BULL_PUT,17600.0,17400.0,11.27,6.72,4.55,200.0,9772.5,227.5,40.0,0.35,0.45,7.28,0.01,0.0,10.0,58.09,169.41
12,C1_TREND_AUTO_1.8SD_W200,2022-02-03,2022-02-10,17560.2,17605.85,18.65,54.74479141466749,383.31,50,spread,BULL_PUT,16850.0,16650.0,25.77,13.84,11.93,200.0,9403.5,596.5,40.0,0.81,0.99,7.38,0.02,0.0,10.0,59.2,537.3
13,C1_TREND_AUTO_1.8SD_W200,2022-02-10,2022-02-17,17605.85,17304.6,18.56,48.523684264741135,382.45,50,spread,BULL_PUT,16900.0,16700.0,11.17,7.02,4.15,200.0,9792.5,207.5,40.0,0.35,0.45,7.28,0.01,0.0,10.0,58.1,149.4
14,C1_TREND_AUTO_1.8SD_W200,2022-04-21,2022-04-28,17392.6,17245.05,18.67,45.76939913497943,380.06,50,spread,BULL_PUT,16700.0,16500.0,16.7,10.08,6.62,200.0,9669.0,331.0,40.0,0.52,0.67,7.32,0.02,0.0,10.0,58.53,272.47
15,C1_TREND_AUTO_1.8SD_W200,2022-06-09,2022-06-16,16478.1,15360.6,19.84,46.559919150548076,382.64,50,spread,BEAR_CALL,17150.0,17350.0,4.89,2.46,2.43,200.0,9878.5,121.5,40.0,0.15,0.18,7.23,0.0,0.0,10.0,57.57,63.93
16,C1_TREND_AUTO_1.8SD_W200,2022-07-14,2022-07-21,15938.65,16605.25,18.52,49.64541733437957,345.49,50,spread,BEAR_CALL,16550.0,16750.0,4.93,2.11,2.82,200.0,9859.0,-2621.5,40.0,0.15,1.56,7.48,0.0,0.0,10.0,59.2,-2680.7
17,C1_TREND_AUTO_1.8SD_W200,2022-07-21,2022-07-28,16605.25,16929.6,16.82,65.11918788306508,326.9,50,spread,BULL_PUT,16000.0,15800.0,15.4,8.17,7.23,200.0,9638.5,361.5,40.0,0.48,0.59,7.31,0.01,0.0,10.0,58.39,303.11
18,C1_TREND_AUTO_1.8SD_W200,2022-07-28,2022-08-04,16929.6,17382.0,18.13,63.322141877516124,359.24,50,spread,BULL_PUT,16300.0,16100.0,13.71,7.72,5.99,200.0,9700.5,299.5,40.0,0.43,0.54,7.3,0.01,0.0,10.0,58.27,241.23
19,C1_TREND_AUTO_1.8SD_W200,2022-09-01,2022-09-08,17542.8,17798.75,18.7,62.70313750089406,383.95,50,spread,BULL_PUT,16850.0,16650.0,20.99,10.98,10.01,200.0,9499.5,500.5,40.0,0.66,0.8,7.34,0.02,0.0,10.0,58.82,441.68
20,C1_TREND_AUTO_1.8SD_W200,2022-09-08,2022-09-15,17798.75,17877.4,19.37,57.29655398981566,403.51,50,spread,BULL_PUT,17050.0,16850.0,9.72,5.82,3.9,200.0,9805.0,195.0,40.0,0.3,0.39,7.27,0.01,0.0,10.0,57.97,137.03
21,C1_TREND_AUTO_1.8SD_W200,2022-09-15,2022-09-22,17877.4,17629.8,18.28,65.02946644637666,382.49,50,spread,BULL_PUT,17200.0,17000.0,15.15,8.27,6.88,200.0,9656.0,344.0,40.0,0.47,0.59,7.31,0.01,0.0,10.0,58.38,285.62
22,C1_TREND_AUTO_1.8SD_W200,2022-09-22,2022-09-29,17629.8,16818.1,19.33,53.11089167591726,398.86,50,spread,BULL_PUT,16900.0,16700.0,14.31,7.57,6.74,200.0,9663.0,-3758.0,40.0,0.45,2.59,7.67,0.01,0.01,10.0,60.73,-3818.73
23,C1_TREND_AUTO_1.8SD_W200,2022-10-06,2022-10-13,17331.8,17014.35,19.57,48.12131143971018,396.98,50,spread,BEAR_CALL,18050.0,18250.0,3.14,2.01,1.13,200.0,9943.5,56.5,40.0,0.1,0.13,7.22,0.0,0.0,10.0,57.45,-0.95
24,C1_TREND_AUTO_1.8SD_W200,2022-10-27,2022-11-03,17736.95,18052.7,16.88,58.199838749706174,350.42,50,spread,BULL_PUT,17100.0,16900.0,10.77,5.06,5.71,200.0,9714.5,285.5,40.0,0.34,0.4,7.27,0.01,0.0,10.0,58.01,227.49
25,C1_TREND_AUTO_1.8SD_W200,2022-11-10,2022-11-17,18028.2,18343.9,15.92,66.37368860070464,335.92,50,spread,BULL_PUT,17400.0,17200.0,7.53,4.56,2.97,200.0,9851.5,148.5,40.0,0.24,0.3,7.25,0.01,0.0,10.0,57.8,90.7
26,C1_TREND_AUTO_1.8SD_W200,2022-11-17,2022-11-24,18343.9,18484.1,15.1,68.89697803236487,324.2,50,spread,BULL_PUT,17750.0,17550.0,8.77,5.06,3.71,200.0,9814.5,185.5,40.0,0.27,0.35,7.26,0.01,0.0,10.0,57.89,127.61
27,C1_TREND_AUTO_1.8SD_W200,2022-11-24,2022-12-01,18484.1,18812.5,14.04,60.47964218932977,303.74,50,spread,BULL_PUT,17950.0,17750.0,8.82,5.47,3.35,200.0,9832.5,167.5,40.0,0.28,0.36,7.26,0.01,0.0,10.0,57.91,109.59
28,C1_TREND_AUTO_1.8SD_W200,2022-12-08,2022-12-15,18609.35,18414.9,14.08,59.89284972284364,306.67,50,spread,BULL_PUT,18050.0,17850.0,5.68,3.66,2.02,200.0,9899.0,101.0,40.0,0.18,0.23,7.24,0.01,0.0,10.0,57.66,43.34
29,C1_TREND_AUTO_1.8SD_W200,2022-12-15,2022-12-22,18414.9,18127.35,12.89,61.97743306004197,277.82,50,spread,BULL_PUT,17900.0,17700.0,11.27,5.87,5.4,200.0,9730.0,270.0,40.0,0.35,0.43,7.28,0.01,0.0,10.0,58.07,211.93
30,C1_TREND_AUTO_1.8SD_W200,2022-12-22,2022-12-29,18127.35,18191.0,15.56,42.70720680440695,330.13,50,spread,BEAR_CALL,18700.0,18900.0,7.78,5.17,2.61,200.0,9869.5,130.5,40.0,0.24,0.32,7.26,0.01,0.0,10.0,57.83,72.67
31,C1_TREND_AUTO_1.8SD_W200,2022-12-29,2023-01-05,18191.0,17992.15,15.4,44.52254095356945,327.88,50,spread,BEAR_CALL,18800.0,19000.0,3.14,2.01,1.13,200.0,9943.5,56.5,40.0,0.1,0.13,7.22,0.0,0.0,10.0,57.45,-0.95
32,C1_TREND_AUTO_1.8SD_W200,2023-01-05,2023-01-12,17992.15,17858.2,15.2,42.89942226380056,320.08,50,spread,BEAR_CALL,18550.0,18750.0,5.38,2.91,2.47,200.0,9876.5,123.5,40.0,0.17,0.21,7.24,0.0,0.0,10.0,57.62,65.88
33,C1_TREND_AUTO_1.8SD_W200,2023-01-12,2023-01-19,17858.2,18107.85,15.44,41.31432250047083,322.72,50,spread,BEAR_CALL,18450.0,18650.0,7.53,3.76,3.77,200.0,9811.5,188.5,40.0,0.24,0.28,7.25,0.01,0.0,10.0,57.77,130.73
34,C1_TREND_AUTO_1.8SD_W200,2023-01-25,2023-02-02,17891.95,17610.4,13.66,50.68834877736857,286.05,50,spread,BEAR_CALL,18400.0,18600.0,19.94,7.72,12.22,200.0,9389.0,611.0,40.0,0.62,0.69,7.32,0.01,0.0,10.0,58.65,552.35
35,C1_TREND_AUTO_1.8SD_W200,2023-02-09,2023-02-16,17893.45,18035.85,13.6,48.63507266475449,284.82,50,spread,BEAR_CALL,18400.0,18600.0,4.54,2.36,2.18,200.0,9891.0,109.0,40.0,0.14,0.17,7.23,0.0,0.0,10.0,57.55,51.45
36,C1_TREND_AUTO_1.8SD_W200,2023-02-16,2023-02-23,18035.85,17511.25,12.86,54.42207832053151,271.47,50,spread,BEAR_CALL,18500.0,18700.0,5.18,2.86,2.32,200.0,9884.0,116.0,40.0,0.16,0.2,7.24,0.0,0.0,10.0,57.6,58.4
37,C1_TREND_AUTO_1.8SD_W200,2023-03-09,2023-03-16,17589.6,16985.6,12.45,51.8114094730088,256.31,50,spread,BEAR_CALL,18050.0,18250.0,5.88,2.66,3.22,200.0,9839.0,161.0,40.0,0.18,0.21,7.24,0.0,0.0,10.0,57.64,103.36
38,C1_TREND_AUTO_1.8SD_W200,2023-04-20,2023-04-27,17624.45,17915.05,12.15,55.82355874621875,250.63,50,spread,BULL_PUT,17150.0,16950.0,6.33,3.56,2.77,200.0,9861.5,138.5,40.0,0.2,0.25,7.24,0.01,0.0,10.0,57.7,80.8
39,C1_TREND_AUTO_1.8SD_W200,2023-05-04,2023-05-11,18255.8,18297.0,11.84,69.51626056469824,252.98,50,spread,BULL_PUT,17800.0,17600.0,6.93,4.01,2.92,200.0,9854.0,146.0,40.0,0.22,0.27,7.25,0.01,0.0,10.0,57.75,88.25
40,C1_TREND_AUTO_1.8SD_W200,2023-05-11,2023-05-18,18297.0,18129.95,13.08,69.5497234887319,280.11,50,spread,BULL_PUT,17800.0,17600.0,8.27,5.11,3.16,200.0,9842.0,158.0,40.0,0.26,0.33,7.26,0.01,0.0,10.0,57.86,100.14
41,C1_TREND_AUTO_1.8SD_W200,2023-05-18,2023-05-25,18129.95,18321.15,13.11,58.65761894343469,278.19,50,spread,BULL_PUT,17650.0,17450.0,6.03,3.21,2.82,200.0,9859.0,141.0,40.0,0.19,0.23,7.24,0.0,0.0,10.0,57.67,83.33
42,C1_TREND_AUTO_1.8SD_W200,2023-05-25,2023-06-01,18321.15,18487.75,13.11,60.245233394903345,281.12,50,spread,BULL_PUT,17800.0,17600.0,5.98,3.46,2.52,200.0,9874.0,126.0,40.0,0.19,0.24,7.24,0.01,0.0,10.0,57.67,68.33
43,C1_TREND_AUTO_1.8SD_W200,2023-06-01,2023-06-08,18487.75,18634.55,11.97,64.98980881690895,259.01,50,spread,BULL_PUT,18000.0,17800.0,7.18,3.31,3.87,200.0,9806.5,193.5,40.0,0.22,0.26,7.25,0.0,0.0,10.0,57.74,135.76
44,C1_TREND_AUTO_1.8SD_W200,2023-06-15,2023-06-22,18688.1,18771.25,11.16,66.84884258638431,244.1,50,spread,BULL_PUT,18250.0,18050.0,7.68,4.71,2.97,200.0,9851.5,148.5,40.0,0.24,0.31,7.26,0.01,0.0,10.0,57.81,90.69
45,C1_TREND_AUTO_1.8SD_W200,2023-07-13,2023-07-20,19413.75,19979.15,10.94,67.77344844815538,248.58,50,spread,BULL_PUT,18950.0,18750.0,6.73,4.21,2.52,200.0,9874.0,126.0,40.0,0.21,0.27,7.25,0.01,0.0,10.0,57.74,68.26
46,C1_TREND_AUTO_1.8SD_W200,2023-07-27,2023-08-03,19659.9,19381.65,10.46,66.68507028041822,240.69,50,spread,BULL_PUT,19250.0,19050.0,10.02,5.06,4.96,200.0,9752.0,248.0,40.0,0.31,0.38,7.27,0.01,0.0,10.0,57.97,190.03
47,C1_TREND_AUTO_1.8SD_W200,2023-08-03,2023-08-10,19381.65,19543.1,11.28,52.59169241495641,255.88,50,spread,BULL_PUT,18900.0,18700.0,8.22,4.31,3.91,200.0,9804.5,195.5,40.0,0.26,0.31,7.26,0.01,0.0,10.0,57.83,137.67
48,C1_TREND_AUTO_1.8SD_W200,2023-08-17,2023-08-24,19365.25,19386.7,12.13,49.149295733392385,274.93,50,spread,BULL_PUT,18850.0,18650.0,5.68,3.16,2.52,200.0,9874.0,126.0,40.0,0.18,0.22,7.24,0.0,0.0,10.0,57.64,68.36
49,C1_TREND_AUTO_1.8SD_W200,2023-08-24,2023-08-31,19386.7,19253.8,11.73,49.53187479124998,266.16,50,spread,BULL_PUT,18900.0,18700.0,7.53,3.46,4.07,200.0,9796.5,203.5,40.0,0.24,0.27,7.25,0.01,0.0,10.0,57.77,145.73
50,C1_TREND_AUTO_1.8SD_W200,2023-08-31,2023-09-07,19253.8,19727.05,11.8,46.10103521415654,265.91,50,spread,BEAR_CALL,19750.0,19950.0,5.03,2.11,2.92,200.0,9854.0,146.0,40.0,0.16,0.18,7.23,0.0,0.0,10.0,57.57,88.43
51,C1_TREND_AUTO_1.8SD_W200,2023-09-07,2023-09-14,19727.05,20103.1,10.68,59.0962898609284,246.59,50,spread,BULL_PUT,19300.0,19100.0,9.32,5.27,4.05,200.0,9797.5,202.5,40.0,0.29,0.36,7.27,0.01,0.0,10.0,57.93,144.57
52,C1_TREND_AUTO_1.8SD_W200,2023-09-21,2023-09-28,19742.35,19523.55,11.13,58.26926707321386,257.18,50,spread,BULL_PUT,19300.0,19100.0,11.96,5.87,6.09,200.0,9695.5,304.5,40.0,0.37,0.45,7.28,0.01,0.0,10.0,58.11,246.39
53,C1_TREND_AUTO_1.8SD_W200,2023-10-05,2023-10-12,19545.75,19794.0,11.66,40.14982959044662,266.74,50,spread,BEAR_CALL,20050.0,20250.0,2.39,1.7,0.69,200.0,9965.5,34.5,40.0,0.07,0.1,7.22,0.0,0.0,10.0,57.4,-22.9
54,C1_TREND_AUTO_1.8SD_W200,2023-10-12,2023-10-19,19794.0,19624.7,10.99,55.720202344988714,254.61,50,spread,BULL_PUT,19350.0,19150.0,11.12,5.82,5.3,200.0,9735.0,265.0,40.0,0.35,0.42,7.28,0.01,0.0,10.0,58.06,206.94
55,C1_TREND_AUTO_1.8SD_W200,2023-11-16,2023-11-23,19765.2,19802.0,11.14,59.633225854674315,257.71,50,spread,BULL_PUT,19300.0,19100.0,7.88,4.26,3.62,200.0,9819.0,181.0,40.0,0.25,0.3,7.25,0.01,0.0,10.0,57.81,123.19
56,C1_TREND_AUTO_1.8SD_W200,2024-01-04,2024-01-11,21658.6,21647.2,14.1,65.63351030826476,357.43,50,spread,BULL_PUT,21000.0,20800.0,5.93,3.81,2.12,200.0,9894.0,106.0,40.0,0.19,0.24,7.24,0.01,0.0,10.0,57.68,48.32
57,C1_TREND_AUTO_1.8SD_W200,2024-01-11,2024-01-18,21647.2,21462.25,12.97,63.88207452713414,328.61,50,spread,BULL_PUT,21050.0,20850.0,10.92,5.17,5.75,200.0,9712.5,287.5,40.0,0.34,0.4,7.27,0.01,0.0,10.0,58.02,229.48
58,C1_TREND_AUTO_1.8SD_W200,2024-02-01,2024-02-08,21697.45,21717.95,16.05,55.517399350132656,407.59,50,spread,BULL_PUT,20950.0,20750.0,13.51,7.52,5.99,200.0,9700.5,299.5,40.0,0.42,0.53,7.29,0.01,0.0,10.0,58.26,241.24
59,C1_TREND_AUTO_1.8SD_W200,2024-02-08,2024-02-15,21717.95,21910.75,15.51,58.904552686444525,394.25,50,spread,BULL_PUT,21000.0,20800.0,15.15,7.97,7.18,200.0,9641.0,359.0,40.0,0.47,0.58,7.3,0.01,0.0,10.0,58.37,300.63
60,C1_TREND_AUTO_1.8SD_W200,2024-02-15,2024-02-22,21910.75,22217.45,15.44,55.504766979533684,395.95,50,spread,BULL_PUT,21200.0,21000.0,10.47,6.27,4.2,200.0,9790.0,210.0,40.0,0.33,0.42,7.28,0.01,0.0,10.0,58.03,151.97
61,C1_TREND_AUTO_1.8SD_W200,2024-02-22,2024-02-29,22217.45,21982.8,15.93,58.42038149298274,414.24,50,spread,BULL_PUT,21450.0,21250.0,11.91,6.52,5.39,200.0,9730.5,269.5,40.0,0.37,0.46,7.28,0.01,0.0,10.0,58.13,211.37
62,C1_TREND_AUTO_1.8SD_W200,2024-02-29,2024-03-07,21982.8,22493.55,16.33,52.08323644086654,420.15,50,spread,BULL_PUT,21250.0,21050.0,9.37,5.47,3.9,200.0,9805.0,195.0,40.0,0.29,0.37,7.27,0.01,0.0,10.0,57.94,137.06
63,C1_TREND_AUTO_1.8SD_W200,2024-03-14,2024-03-21,22146.65,22011.95,14.43,47.37572820191009,374.04,50,spread,BULL_PUT,21450.0,21250.0,9.37,5.01,4.36,200.0,9782.0,218.0,40.0,0.29,0.36,7.26,0.01,0.0,10.0,57.93,160.07
64,C1_TREND_AUTO_1.8SD_W200,2024-04-18,2024-04-25,21995.85,22570.35,12.62,45.22505324705644,324.89,50,spread,BEAR_CALL,22600.0,22800.0,14.56,5.62,8.94,200.0,9553.0,447.0,40.0,0.45,0.5,7.29,0.01,0.0,10.0,58.26,388.74
65,C1_TREND_AUTO_1.8SD_W200,2024-05-02,2024-05-09,22648.2,21957.5,12.87,57.747174753823145,341.15,25,spread,BULL_PUT,22050.0,21850.0,10.82,6.62,4.2,200.0,4895.0,-2207.5,40.0,0.17,1.37,7.45,0.0,0.0,5.0,54.0,-2261.5
66,C1_TREND_AUTO_1.8SD_W200,2024-05-09,2024-05-16,21957.5,22403.85,17.08,47.328232384410605,438.94,25,spread,BEAR_CALL,22750.0,22950.0,8.27,4.91,3.36,200.0,4916.0,84.0,40.0,0.13,0.16,7.23,0.0,0.0,5.0,52.53,31.47
67,C1_TREND_AUTO_1.8SD_W200,2024-06-06,2024-06-13,22821.4,23398.9,18.89,51.29545931764194,504.56,25,spread,BULL_PUT,21900.0,21700.0,25.62,17.75,7.87,200.0,4803.25,196.75,40.0,0.4,0.54,7.3,0.01,0.0,5.0,53.25,143.5
68,C1_TREND_AUTO_1.8SD_W200,2024-06-20,2024-06-27,23567.0,24044.5,13.71,61.63323149881307,378.16,25,spread,BULL_PUT,22900.0,22700.0,11.32,6.47,4.85,200.0,4878.75,121.25,40.0,0.18,0.22,7.24,0.0,0.0,5.0,52.64,68.61
69,C1_TREND_AUTO_1.8SD_W200,2024-06-27,2024-07-04,24044.5,24302.15,14.05,66.6508491157643,395.39,25,spread,BULL_PUT,23350.0,23150.0,21.04,12.89,8.15,200.0,4796.25,203.75,40.0,0.33,0.42,7.28,0.01,0.0,5.0,53.04,150.71
70,C1_TREND_AUTO_1.8SD_W200,2024-07-25,2024-08-01,24406.1,25010.9,11.76,60.54924205658766,335.93,25,spread,BULL_PUT,23800.0,23600.0,18.79,9.63,9.16,200.0,4771.0,229.0,40.0,0.29,0.36,7.26,0.01,0.0,5.0,52.92,176.08
71,C1_TREND_AUTO_1.8SD_W200,2024-08-14,2024-08-22,24143.75,24811.5,16.17,45.72448596188364,456.93,25,spread,BULL_PUT,23300.0,23100.0,15.3,9.53,5.77,200.0,4855.75,144.25,40.0,0.24,0.31,7.26,0.01,0.0,5.0,52.81,91.44
72,C1_TREND_AUTO_1.8SD_W200,2024-08-22,2024-08-29,24811.5,25151.95,13.33,59.621428656861966,387.1,25,spread,BULL_PUT,24100.0,23900.0,9.67,7.07,2.6,200.0,4935.0,65.0,40.0,0.15,0.21,7.24,0.01,0.0,5.0,52.6,12.4
73,C1_TREND_AUTO_1.8SD_W200,2024-08-29,2024-09-05,25151.95,25145.1,13.95,65.4184616458731,410.66,25,spread,BULL_PUT,24400.0,24200.0,9.42,6.57,2.85,200.0,4928.75,71.25,40.0,0.15,0.2,7.24,0.0,0.0,5.0,52.59,18.66
74,C1_TREND_AUTO_1.8SD_W200,2024-09-05,2024-09-12,25145.1,25388.9,14.38,66.04122497386456,423.21,25,spread,BULL_PUT,24400.0,24200.0,8.42,5.87,2.55,200.0,4936.25,63.75,40.0,0.13,0.18,7.23,0.0,0.0,5.0,52.55,11.2
75,C1_TREND_AUTO_1.8SD_W200,2024-09-12,2024-09-19,25388.9,25415.8,13.63,52.87126375546594,405.02,25,spread,BULL_PUT,24650.0,24450.0,19.74,13.14,6.6,200.0,4835.0,165.0,40.0,0.31,0.41,7.27,0.01,0.0,5.0,53.0,112.0
76,C1_TREND_AUTO_1.8SD_W200,2024-09-19,2024-09-26,25415.8,26216.05,13.37,62.954284327108226,397.72,25,spread,BULL_PUT,24700.0,24500.0,20.04,14.09,5.95,200.0,4851.25,148.75,40.0,0.31,0.43,7.28,0.01,0.0,5.0,53.03,95.72
77,C1_TREND_AUTO_1.8SD_W200,2024-10-03,2024-10-10,25250.1,24998.45,11.99,60.78981739837023,354.34,25,spread,BULL_PUT,24600.0,24400.0,28.81,19.36,9.45,200.0,4763.75,236.25,40.0,0.72,0.6,7.31,0.01,0.0,5.0,53.65,182.6
78,C1_TREND_AUTO_1.8SD_W200,2024-10-10,2024-10-17,24998.45,24749.85,14.12,42.01056815954167,413.13,25,spread,BEAR_CALL,25750.0,25950.0,8.77,4.76,4.01,200.0,4899.75,100.25,40.0,0.22,0.17,7.23,0.0,0.0,5.0,52.62,47.63
79,C1_TREND_AUTO_1.8SD_W200,2024-10-17,2024-10-24,24749.85,24399.4,13.05,42.749864450158896,378.03,25,spread,BEAR_CALL,25450.0,25650.0,10.67,5.82,4.85,200.0,4878.75,121.25,40.0,0.27,0.21,7.24,0.0,0.0,5.0,52.71,68.54
80,C1_TREND_AUTO_1.8SD_W200,2024-11-07,2024-11-14,24199.35,23532.7,14.87,46.05006762928595,421.17,25,spread,BEAR_CALL,24950.0,25150.0,9.47,5.37,4.1,200.0,4897.5,102.5,40.0,0.24,0.19,7.23,0.0,0.0,5.0,52.66,49.84
81,C1_TREND_AUTO_1.8SD_W200,2024-11-28,2024-12-05,23914.15,24708.4,14.63,52.186298101050234,409.48,25,spread,BEAR_CALL,24650.0,24850.0,17.15,7.62,9.53,200.0,4761.75,-1221.75,40.0,0.43,1.04,7.39,0.01,0.0,5.0,53.86,-1275.61
82,C1_TREND_AUTO_1.8SD_W200,2024-12-05,2024-12-12,24708.4,24548.7,14.45,55.890984817066744,417.88,25,spread,BULL_PUT,23950.0,23750.0,36.99,22.42,14.57,200.0,4635.75,364.25,40.0,0.92,0.74,7.33,0.02,0.0,5.0,54.02,310.23
83,C1_TREND_AUTO_1.8SD_W200,2024-12-12,2024-12-19,24548.7,23951.7,13.27,58.28296645386396,381.27,25,spread,BULL_PUT,23850.0,23650.0,12.51,6.97,5.54,200.0,4861.5,138.5,40.0,0.31,0.24,7.24,0.01,0.0,5.0,52.81,85.69
84,C1_TREND_AUTO_1.8SD_W200,2024-12-26,2025-01-02,23750.2,24188.65,13.18,38.18226969848414,366.37,75,spread,BEAR_CALL,24400.0,24600.0,15.65,6.22,9.43,200.0,14292.75,707.25,40.0,1.17,0.82,7.35,0.01,0.0,15.0,64.36,642.89
85,C1_TREND_AUTO_1.8SD_W200,2025-01-02,2025-01-09,24188.65,23526.5,14.51,40.678719182310715,410.79,75,spread,BULL_PUT,23450.0,23250.0,22.38,13.24,9.14,200.0,14314.5,685.5,40.0,1.68,1.34,7.44,0.03,0.0,15.0,65.49,620.01
86,C1_TREND_AUTO_1.8SD_W200,2025-01-09,2025-01-16,23526.5,23311.8,14.47,42.63405923231433,398.44,75,spread,BEAR_CALL,24250.0,24450.0,12.51,5.47,7.04,200.0,14472.0,528.0,40.0,0.94,0.67,7.32,0.01,0.0,15.0,63.95,464.05
87,C1_TREND_AUTO_1.8SD_W200,2025-01-23,2025-01-30,23205.35,23249.5,16.77,39.22961634094112,455.47,25,spread,BEAR_CALL,24050.0,24250.0,8.27,4.41,3.86,200.0,4903.5,96.5,40.0,0.21,0.16,7.23,0.0,0.0,5.0,52.6,43.9
88,C1_TREND_AUTO_1.8SD_W200,2025-01-30,2025-02-06,23249.5,23603.35,18.64,43.58672801076352,507.22,75,spread,BEAR_CALL,24150.0,24350.0,48.9,29.04,19.86,200.0,13510.5,1489.5,40.0,3.67,2.92,7.73,0.07,0.01,15.0,69.39,1420.11
89,C1_TREND_AUTO_1.8SD_W200,2025-02-06,2025-02-13,23603.35,23031.4,14.08,55.61172802748801,388.97,75,spread,BEAR_CALL,24300.0,24500.0,14.71,6.82,7.89,200.0,14408.25,591.75,40.0,1.1,0.81,7.35,0.02,0.0,15.0,64.27,527.48
90,C1_TREND_AUTO_1.8SD_W200,2025-02-13,2025-02-20,23031.4,22913.15,14.9,40.91065578931939,401.65,75,spread,BEAR_CALL,23750.0,23950.0,12.11,5.32,6.79,200.0,14490.75,509.25,40.0,0.91,0.65,7.32,0.01,0.0,15.0,63.89,445.36
91,C1_TREND_AUTO_1.8SD_W200,2025-03-20,2025-03-27,23190.65,23591.95,13.3,56.03034430433071,361.0,75,spread,BULL_PUT,22550.0,22350.0,12.51,7.72,4.79,200.0,14640.75,359.25,40.0,0.94,0.76,7.34,0.02,0.0,15.0,64.05,295.2
92,C1_TREND_AUTO_1.8SD_W200,2025-04-30,2025-05-08,24334.2,24273.8,17.37,65.03992690743334,494.72,75,spread,BULL_PUT,23450.0,23250.0,55.38,41.67,13.71,200.0,13971.75,1028.25,40.0,4.15,3.64,7.86,0.09,0.01,15.0,70.75,957.5
93,C1_TREND_AUTO_1.8SD_W200,2025-05-08,2025-05-15,24273.8,25062.1,19.06,65.04295910639829,541.5,75,spread,BULL_PUT,23300.0,23100.0,96.16,83.3,12.86,200.0,14035.5,964.5,40.0,7.21,6.73,8.41,0.19,0.01,15.0,77.56,886.94
94,C1_TREND_AUTO_1.8SD_W200,2025-05-15,2025-05-22,25062.1,24609.7,17.23,61.49006904368925,505.41,75,spread,BULL_PUT,24150.0,23950.0,28.66,20.61,8.05,200.0,14396.25,603.75,40.0,2.15,1.85,7.53,0.05,0.0,15.0,66.58,537.17
95,C1_TREND_AUTO_1.8SD_W200,2025-05-22,2025-05-29,24609.7,24833.6,17.55,59.86782699237355,505.5,75,spread,BULL_PUT,23700.0,23500.0,14.76,10.13,4.63,200.0,14652.75,347.25,40.0,1.11,0.93,7.37,0.02,0.0,15.0,64.43,282.82
96,C1_TREND_AUTO_1.8SD_W200,2025-05-29,2025-06-05,24833.6,24750.9,18.02,56.052965904535746,523.76,75,spread,BULL_PUT,23900.0,23700.0,10.12,6.52,3.6,200.0,14730.0,270.0,40.0,0.76,0.62,7.31,0.01,0.0,15.0,63.71,206.29
97,C1_TREND_AUTO_1.8SD_W200,2025-06-05,2025-06-12,24750.9,24888.2,15.75,52.34091238730007,456.26,75,spread,BULL_PUT,23950.0,23750.0,15.65,9.58,6.07,200.0,14544.75,455.25,40.0,1.17,0.95,7.37,0.02,0.0,15.0,64.51,390.74
98,C1_TREND_AUTO_1.8SD_W200,2025-06-12,2025-06-19,24888.2,24793.25,13.67,62.540138423518954,398.2,75,spread,BULL_PUT,24150.0,23950.0,16.6,9.88,6.72,200.0,14496.0,504.0,40.0,1.24,0.99,7.38,0.02,0.0,15.0,64.64,439.36
99,C1_TREND_AUTO_1.8SD_W200,2025-06-19,2025-06-26,24793.25,25549.0,14.28,52.167620613579764,414.38,75,spread,BULL_PUT,24050.0,23850.0,33.45,23.17,10.28,200.0,14229.0,771.0,40.0,2.51,2.12,7.58,0.05,0.0,15.0,67.27,703.73
100,C1_TREND_AUTO_1.8SD_W200,2025-06-26,2025-07-03,25549.0,25405.3,12.96,60.94054446849849,387.54,75,spread,BULL_PUT,24850.0,24650.0,26.27,16.9,9.37,200.0,14297.25,702.75,40.0,1.97,1.62,7.49,0.04,0.0,15.0,66.12,636.63
101,C1_TREND_AUTO_1.8SD_W200,2025-07-03,2025-07-10,25405.3,25355.25,12.45,61.344148533251044,370.2,75,spread,BULL_PUT,24750.0,24550.0,13.16,7.97,5.19,200.0,14610.75,389.25,40.0,0.99,0.79,7.34,0.02,0.0,15.0,64.14,325.11
102,C1_TREND_AUTO_1.8SD_W200,2025-07-10,2025-07-17,25355.25,25111.45,11.94,60.61161780024753,354.33,75,spread,BULL_PUT,24700.0,24500.0,11.22,7.32,3.9,200.0,14707.5,292.5,40.0,0.84,0.7,7.33,0.02,0.0,15.0,63.88,228.62
103,C1_TREND_AUTO_1.8SD_W200,2025-07-17,2025-07-24,25111.45,25062.1,11.24,51.047264820045,330.35,75,spread,BULL_PUT,24500.0,24300.0,10.77,6.57,4.2,200.0,14685.0,315.0,40.0,0.81,0.65,7.32,0.01,0.0,15.0,63.79,251.21
104,C1_TREND_AUTO_1.8SD_W200,2025-07-24,2025-07-31,25062.1,24768.35,10.52,52.290459686342714,308.58,75,spread,BULL_PUT,24500.0,24300.0,12.66,7.77,4.89,200.0,14633.25,366.75,40.0,0.95,0.77,7.34,0.02,0.0,15.0,64.07,302.68
105,C1_TREND_AUTO_1.8SD_W200,2025-07-31,2025-08-07,24768.35,24596.15,11.21,43.253072706755916,324.97,75,spread,BEAR_CALL,25350.0,25550.0,15.35,6.37,8.98,200.0,14326.5,673.5,40.0,1.15,0.81,7.35,0.01,0.0,15.0,64.33,609.17
106,C1_TREND_AUTO_1.8SD_W200,2025-08-07,2025-08-14,24596.15,24631.3,11.96,38.16396518977688,344.3,75,spread,BEAR_CALL,25200.0,25400.0,8.62,3.31,5.31,200.0,14601.75,398.25,40.0,0.65,0.45,7.28,0.01,0.0,15.0,63.38,334.87
107,C1_TREND_AUTO_1.8SD_W200,2025-09-02,2025-09-09,24579.6,24868.6,11.29,45.49939848687614,324.79,75,spread,BEAR_CALL,25150.0,25350.0,9.37,3.81,5.56,200.0,14583.0,417.0,40.0,0.7,0.49,7.29,0.01,0.0,15.0,63.5,353.5
108,C1_TREND_AUTO_1.8SD_W200,2025-09-09,2025-09-16,24868.6,25239.1,10.84,50.387692355409506,315.51,75,spread,BEAR_CALL,25450.0,25650.0,6.08,2.96,3.12,200.0,14766.0,234.0,40.0,0.46,0.34,7.26,0.01,0.0,15.0,63.06,170.94
109,C1_TREND_AUTO_1.8SD_W200,2025-09-16,2025-09-23,25239.1,25169.5,10.4,59.00735048227971,307.22,75,spread,BULL_PUT,24700.0,24500.0,11.61,7.37,4.24,200.0,14682.0,318.0,40.0,0.87,0.71,7.33,0.02,0.0,15.0,63.93,254.07
110,C1_TREND_AUTO_1.8SD_W200,2025-10-07,2025-10-14,25108.3,25145.5,10.19,55.258740519054015,299.45,75,spread,BULL_PUT,24550.0,24350.0,7.93,5.01,2.92,200.0,14781.0,219.0,40.0,0.59,0.49,7.29,0.01,0.0,15.0,63.38,155.62
111,C1_TREND_AUTO_1.8SD_W200,2025-10-20,2025-10-28,25843.15,25936.2,11.63,69.33520215408102,351.77,75,spread,BULL_PUT,25200.0,25000.0,11.66,8.78,2.88,200.0,14784.0,216.0,40.0,0.87,0.77,7.34,0.02,0.0,15.0,64.0,152.0
112,C1_TREND_AUTO_1.8SD_W200,2025-11-11,2025-11-18,25694.95,25910.05,12.3,52.07867877762285,369.91,75,spread,BULL_PUT,25050.0,24850.0,12.56,8.02,4.54,200.0,14659.5,340.5,40.0,0.94,0.77,7.34,0.02,0.0,15.0,64.07,276.43
113,C1_TREND_AUTO_1.8SD_W200,2025-11-18,2025-11-25,25910.05,25884.8,11.79,65.1207621696002,357.54,75,spread,BULL_PUT,25250.0,25050.0,14.11,8.68,5.43,200.0,14592.75,407.25,40.0,1.06,0.85,7.35,0.02,0.0,15.0,64.29,342.96
114,C1_TREND_AUTO_1.8SD_W200,2025-11-25,2025-12-02,25884.8,26032.2,13.24,57.376222612463465,401.12,75,spread,BULL_PUT,25150.0,24950.0,5.98,4.26,1.72,200.0,14871.0,129.0,40.0,0.45,0.38,7.27,0.01,0.0,15.0,63.11,65.89
115,C1_TREND_AUTO_1.8SD_W200,2025-12-02,2025-12-09,26032.2,25839.65,11.63,61.66021502830133,354.35,75,spread,BULL_PUT,25400.0,25200.0,6.58,4.36,2.22,200.0,14833.5,166.5,40.0,0.49,0.41,7.27,0.01,0.0,15.0,63.19,103.31
116,C1_TREND_AUTO_1.8SD_W200,2025-12-09,2025-12-16,25839.65,25860.1,11.13,51.16205784765629,336.6,75,spread,BULL_PUT,25250.0,25050.0,8.87,5.72,3.15,200.0,14763.75,236.25,40.0,0.67,0.55,7.3,0.01,0.0,15.0,63.53,172.72
117,C1_TREND_AUTO_1.8SD_W200,2025-12-16,2025-12-23,25860.1,26177.15,10.25,53.67667329588778,310.24,75,spread,BULL_PUT,25300.0,25100.0,9.12,5.77,3.35,200.0,14748.75,251.25,40.0,0.68,0.56,7.3,0.01,0.0,15.0,63.56,187.69
118,C1_TREND_AUTO_1.8SD_W200,2025-12-30,2026-01-06,25938.85,26178.7,9.72,49.059957733449686,295.09,65,spread,BULL_PUT,25400.0,25200.0,5.48,3.81,1.67,200.0,12891.45,108.55,40.0,0.36,0.3,7.25,0.01,0.0,13.0,60.92,47.63
119,C1_TREND_AUTO_1.8SD_W200,2026-01-06,2026-01-13,26178.7,25732.3,10.02,58.7850455287297,307.01,65,spread,BULL_PUT,25650.0,25450.0,6.33,4.11,2.22,200.0,12855.7,144.3,40.0,0.41,0.34,7.26,0.01,0.0,13.0,61.02,83.28
120,C1_TREND_AUTO_1.8SD_W200,2026-02-10,2026-02-17,25935.15,25725.4,12.19,56.03380116923706,370.02,65,spread,BULL_PUT,25250.0,25050.0,14.26,11.08,3.18,200.0,12793.3,206.7,40.0,0.93,0.82,7.35,0.02,0.0,13.0,62.12,144.58
121,C1_TREND_AUTO_1.8SD_W200,2026-02-17,2026-02-24,25725.4,25424.65,13.33,50.31798452442426,401.36,65,spread,BEAR_CALL,26450.0,26650.0,7.18,4.26,2.92,200.0,12810.2,189.8,40.0,0.47,0.37,7.27,0.01,0.0,13.0,61.11,128.69
122,C1_TREND_AUTO_1.8SD_W200,2026-03-02,2026-03-10,24865.7,24261.6,13.7,39.94689378459508,398.71,65,spread,BEAR_CALL,25600.0,25800.0,32.75,16.95,15.8,200.0,11973.0,1027.0,40.0,2.13,1.62,7.49,0.03,0.0,13.0,64.27,962.73
123,C1_TREND_AUTO_1.8SD_W200,2026-04-13,2026-04-21,23842.65,24576.6,18.85,54.22788185576764,526.02,65,spread,BEAR_CALL,24800.0,25000.0,16.95,7.92,9.03,200.0,12413.05,586.95,40.0,1.1,0.81,7.35,0.02,0.0,13.0,62.27,524.68
124,C1_TREND_AUTO_1.8SD_W200,2026-04-21,2026-04-28,24576.6,23995.7,18.79,57.23931796624087,540.49,65,spread,BULL_PUT,23600.0,23400.0,31.8,20.96,10.84,200.0,12295.4,704.6,40.0,2.07,1.71,7.51,0.04,0.0,13.0,64.34,640.26
125,C1_TREND_AUTO_1.8SD_W200,2026-05-05,2026-05-12,24032.8,23379.55,18.3,52.17498042775994,514.75,65,spread,BEAR_CALL,24950.0,25150.0,9.92,4.96,4.96,200.0,12677.6,322.4,40.0,0.64,0.48,7.29,0.01,0.0,13.0,61.43,260.97
126,C1_TREND_AUTO_1.8SD_W200,2026-05-12,2026-05-19,23379.55,23618.0,18.55,46.09430097908129,507.6,65,spread,BEAR_CALL,24300.0,24500.0,23.13,13.89,9.24,200.0,12399.4,600.6,40.0,1.5,1.2,7.42,0.03,0.0,13.0,63.15,537.45
127,C1_TREND_AUTO_1.8SD_W200,2026-05-19,2026-05-26,23618.0,23913.7,19.63,45.25379394589898,542.63,65,spread,BEAR_CALL,24600.0,24800.0,7.68,4.61,3.07,200.0,12800.45,199.55,40.0,0.5,0.4,7.27,0.01,0.0,13.0,61.18,138.37
128,C1_TREND_AUTO_1.8SD_W200,2026-06-02,2026-06-09,23483.55,23242.1,16.54,40.259951611074705,454.61,65,spread,BEAR_CALL,24300.0,24500.0,11.91,6.32,5.59,200.0,12636.65,363.35,40.0,0.77,0.59,7.31,0.01,0.0,13.0,61.69,301.66
129,C1_TREND_AUTO_1.8SD_W200,2026-06-16,2026-06-23,23989.15,23824.1,14.35,56.326493959732616,402.91,65,spread,BULL_PUT,23250.0,23050.0,12.41,7.52,4.89,200.0,12682.15,317.85,40.0,0.81,0.65,7.32,0.01,0.0,13.0,61.79,256.06
130,C1_TREND_AUTO_1.8SD_W200,2026-06-30,2026-07-07,23865.75,24398.7,13.61,53.89038625129299,380.16,65,spread,BULL_PUT,23200.0,23000.0,7.78,5.22,2.56,200.0,12833.6,166.4,40.0,0.51,0.42,7.28,0.01,0.0,13.0,61.21,105.19
131,C1_TREND_AUTO_1.8SD_W200,2026-07-07,2026-07-14,24398.7,24052.05,11.82,64.11032609473654,337.54,65,spread,BULL_PUT,23800.0,23600.0,10.22,5.32,4.9,200.0,12681.5,318.5,40.0,0.66,0.5,7.29,0.01,0.0,13.0,61.47,257.03
132,C1_TREND_AUTO_1.8SD_W200,2026-07-14,2026-07-21,24052.05,24187.7,13.28,55.88648392044407,373.84,65,spread,BULL_PUT,23400.0,23200.0,23.63,12.79,10.84,200.0,12295.4,704.6,40.0,1.54,1.18,7.41,0.02,0.0,13.0,63.16,641.44
133,C1_TREND_AUTO_1.8SD_W200,2026-07-21,2026-07-28,24187.7,23985.35,12.98,55.58227916136037,367.46,65,spread,BULL_PUT,23550.0,23350.0,15.7,8.53,7.17,200.0,12533.95,466.05,40.0,1.02,0.79,7.34,0.02,0.0,13.0,62.17,403.88
134,C1_TREND_AUTO_1.8SD_W200,2026-07-28,2026-08-04,23985.35,24614.9,12.66,49.54538979586155,355.4,65,spread,BULL_PUT,23350.0,23150.0,10.32,6.42,3.9,200.0,12746.5,253.5,40.0,0.67,0.54,7.3,0.01,0.0,13.0,61.53,191.97
135,C1_TREND_AUTO_1.8SD_W200,2026-08-04,2026-08-11,24614.9,24471.7,11.93,66.86891282851559,343.7,65,spread,BULL_PUT,24000.0,23800.0,20.09,9.78,10.31,200.0,12329.85,670.15,40.0,1.31,0.97,7.38,0.02,0.0,13.0,62.67,607.48
136,C1_TREND_AUTO_1.8SD_W200,2026-08-11,2026-08-18,24471.7,24154.9,12.25,60.20989418384112,350.86,65,spread,BULL_PUT,23850.0,23650.0,8.87,4.86,4.01,200.0,12739.35,260.65,40.0,0.58,0.45,7.28,0.01,0.0,13.0,61.31,199.34
137,C1_TREND_AUTO_1.8SD_W200,2026-08-18,2026-08-25,24154.9,24334.55,11.33,49.26186126854643,320.31,65,spread,BULL_PUT,23600.0,23400.0,8.42,4.91,3.51,200.0,12771.85,228.15,40.0,0.55,0.43,7.28,0.01,0.0,13.0,61.27,166.88
138,C1_TREND_AUTO_1.8SD_W200,2026-08-25,2026-09-01,24334.55,24055.8,11.53,47.85040777363575,328.39,65,spread,BULL_PUT,23750.0,23550.0,8.37,5.87,2.5,200.0,12837.5,162.5,40.0,0.54,0.46,7.28,0.01,0.0,13.0,61.3,101.2
139,C1_TREND_AUTO_1.8SD_W200,2026-09-01,2026-09-08,24055.8,23635.1,11.19,43.6984492682669,315.06,65,spread,BEAR_CALL,24600.0,24800.0,7.63,4.31,3.32,200.0,12784.2,215.8,40.0,0.5,0.39,7.27,0.01,0.0,13.0,61.16,154.64
