strategy,initial_capital,trade_id,entry_date,expiry_date,net_pnl,costs,equity_after,peak_equity,current_dd_pct
IRON_FLY,20000.0,IRON_FLY_2020-01-31_2020-02-06,2020-01-31,2020-02-06,-1146.43,955.18,18853.57,20000.0,5.73
IRON_FLY,50000.0,IRON_FLY_2020-01-31_2020-02-06,2020-01-31,2020-02-06,-1146.43,955.18,48853.57,50000.0,2.29
IRON_FLY,50000.0,IRON_FLY_2020-02-24_2020-02-27,2020-02-24,2020-02-27,8648.72,895.03,57502.29,57502.29,0.0
IRON_FLY,50000.0,IRON_FLY_2020-02-28_2020-03-05,2020-02-28,2020-03-05,29267.39,800.11,86769.68,86769.68,0.0
IRON_FLY,50000.0,IRON_FLY_2020-03-13_2020-03-19,2020-03-13,2020-03-19,-2176.44,1422.69,84593.24,86769.68,2.51
IRON_FLY,50000.0,IRON_FLY_2020-04-03_2020-04-09,2020-04-03,2020-04-09,347.36,1190.14,84940.6,86769.68,2.11
IRON_FLY,50000.0,IRON_FLY_2020-04-13_2020-04-16,2020-04-13,2020-04-16,2542.66,1177.34,87483.26,87483.26,0.0
IRON_FLY,50000.0,IRON_FLY_2020-05-08_2020-05-14,2020-05-08,2020-05-14,11771.0,1241.5,99254.26,99254.26,0.0
IRON_FLY,50000.0,IRON_FLY_2020-05-15_2020-05-21,2020-05-15,2020-05-21,14000.46,1243.29,113254.72,113254.72,0.0
IRON_FLY,50000.0,IRON_FLY_2020-05-22_2020-05-28,2020-05-22,2020-05-28,-64916.39,1372.64,48338.33,113254.72,57.32
IRON_FLY,50000.0,IRON_FLY_2020-05-29_2020-06-04,2020-05-29,2020-06-04,29858.52,1393.98,78196.85,113254.72,30.95
IRON_FLY,50000.0,IRON_FLY_2020-06-05_2020-06-11,2020-06-05,2020-06-11,-5324.23,1184.23,72872.62,113254.72,35.66
IRON_FLY,50000.0,IRON_FLY_2020-06-12_2020-06-18,2020-06-12,2020-06-18,35465.21,1251.04,108337.83,113254.72,4.34
IRON_FLY,50000.0,IRON_FLY_2020-06-26_2020-07-02,2020-06-26,2020-07-02,-34980.89,1253.39,73356.94,113254.72,35.23
IRON_FLY,50000.0,IRON_FLY_2020-07-17_2020-07-23,2020-07-17,2020-07-23,12118.95,1366.05,85475.89,113254.72,24.53
IRON_FLY,50000.0,IRON_FLY_2020-08-14_2020-08-20,2020-08-14,2020-08-20,5528.33,1157.92,91004.22,113254.72,19.65
IRON_FLY,50000.0,IRON_FLY_2020-08-21_2020-08-27,2020-08-21,2020-08-27,19383.3,1365.45,110387.52,113254.72,2.53
IRON_FLY,50000.0,IRON_FLY_2020-08-28_2020-09-03,2020-08-28,2020-09-03,6220.23,1118.52,116607.75,116607.75,0.0
IRON_FLY,50000.0,IRON_FLY_2020-09-04_2020-09-10,2020-09-04,2020-09-10,230.23,1112.27,116837.98,116837.98,0.0
IRON_FLY,50000.0,IRON_FLY_2020-09-11_2020-09-17,2020-09-11,2020-09-17,6308.84,1078.66,123146.82,123146.82,0.0
IRON_FLY,50000.0,IRON_FLY_2020-09-25_2020-10-01,2020-09-25,2020-10-01,-8313.43,1057.18,114833.39,123146.82,6.75
IRON_FLY,50000.0,IRON_FLY_2020-10-05_2020-10-08,2020-10-05,2020-10-08,-42894.27,1085.52,71939.12,123146.82,41.58
IRON_FLY,50000.0,IRON_FLY_2020-10-23_2020-10-29,2020-10-23,2020-10-29,-35822.94,1011.69,36116.18,123146.82,70.67
IRON_FLY,50000.0,IRON_FLY_2020-10-30_2020-11-05,2020-10-30,2020-11-05,5144.56,1084.19,41260.74,123146.82,66.49
IRON_FLY,50000.0,IRON_FLY_2020-11-06_2020-11-12,2020-11-06,2020-11-12,2224.52,1270.48,43485.26,123146.82,64.69
IRON_FLY,50000.0,IRON_FLY_2020-11-27_2020-12-03,2020-11-27,2020-12-03,5482.8,1240.95,48968.06,123146.82,60.24
IRON_FLY,50000.0,IRON_FLY_2020-12-11_2020-12-17,2020-12-11,2020-12-17,-1602.01,1212.01,47366.05,123146.82,61.54
IRON_FLY,50000.0,IRON_FLY_2020-12-18_2020-12-24,2020-12-18,2020-12-24,5083.58,1306.42,52449.63,123146.82,57.41
IRON_FLY,50000.0,IRON_FLY_2021-01-01_2021-01-07,2021-01-01,2021-01-07,5914.29,1315.71,58363.92,123146.82,52.61
IRON_FLY,50000.0,IRON_FLY_2021-01-08_2021-01-14,2021-01-08,2021-01-14,7423.85,1291.15,65787.77,123146.82,46.58
IRON_FLY,50000.0,IRON_FLY_2021-01-29_2021-02-04,2021-01-29,2021-02-04,-9221.13,1136.13,56566.64,123146.82,54.07
IRON_FLY,50000.0,IRON_FLY_2021-02-26_2021-03-04,2021-02-26,2021-03-04,-3717.55,1208.8,52849.09,123146.82,57.08
IRON_FLY,50000.0,IRON_FLY_2021-03-05_2021-03-10,2021-03-05,2021-03-10,-30830.81,1145.81,22018.28,123146.82,82.12
IRON_FLY,50000.0,IRON_FLY_2021-03-26_2021-04-01,2021-03-26,2021-04-01,343.4,984.1,22361.68,123146.82,81.84
IRON_FLY,50000.0,IRON_FLY_2021-04-05_2021-04-08,2021-04-05,2021-04-08,-4408.89,1000.14,17952.79,123146.82,85.42
IRON_FLY,75000.0,IRON_FLY_2020-01-31_2020-02-06,2020-01-31,2020-02-06,-1146.43,955.18,73853.57,75000.0,1.53
IRON_FLY,75000.0,IRON_FLY_2020-02-24_2020-02-27,2020-02-24,2020-02-27,8648.72,895.03,82502.29,82502.29,0.0
IRON_FLY,75000.0,IRON_FLY_2020-02-28_2020-03-05,2020-02-28,2020-03-05,29267.39,800.11,111769.68,111769.68,0.0
IRON_FLY,75000.0,IRON_FLY_2020-03-13_2020-03-19,2020-03-13,2020-03-19,-2176.44,1422.69,109593.24,111769.68,1.95
IRON_FLY,75000.0,IRON_FLY_2020-04-03_2020-04-09,2020-04-03,2020-04-09,347.36,1190.14,109940.6,111769.68,1.64
IRON_FLY,75000.0,IRON_FLY_2020-04-13_2020-04-16,2020-04-13,2020-04-16,2542.66,1177.34,112483.26,112483.26,0.0
IRON_FLY,75000.0,IRON_FLY_2020-04-24_2020-04-30,2020-04-24,2020-04-30,-84352.48,1361.23,28130.78,112483.26,74.99
IRON_FLY,75000.0,IRON_FLY_2020-05-08_2020-05-14,2020-05-08,2020-05-14,11771.0,1241.5,39901.78,112483.26,64.53
IRON_FLY,75000.0,IRON_FLY_2020-05-15_2020-05-21,2020-05-15,2020-05-21,14000.46,1243.29,53902.24,112483.26,52.08
IRON_FLY,75000.0,IRON_FLY_2020-05-29_2020-06-04,2020-05-29,2020-06-04,29858.52,1393.98,83760.76,112483.26,25.53
IRON_FLY,75000.0,IRON_FLY_2020-06-05_2020-06-11,2020-06-05,2020-06-11,-5324.23,1184.23,78436.53,112483.26,30.27
IRON_FLY,75000.0,IRON_FLY_2020-06-12_2020-06-18,2020-06-12,2020-06-18,35465.21,1251.04,113901.74,113901.74,0.0
IRON_FLY,75000.0,IRON_FLY_2020-06-26_2020-07-02,2020-06-26,2020-07-02,-34980.89,1253.39,78920.85,113901.74,30.71
IRON_FLY,75000.0,IRON_FLY_2020-07-17_2020-07-23,2020-07-17,2020-07-23,12118.95,1366.05,91039.8,113901.74,20.07
IRON_FLY,75000.0,IRON_FLY_2020-08-14_2020-08-20,2020-08-14,2020-08-20,5528.33,1157.92,96568.13,113901.74,15.22
IRON_FLY,75000.0,IRON_FLY_2020-08-21_2020-08-27,2020-08-21,2020-08-27,19383.3,1365.45,115951.43,115951.43,0.0
IRON_FLY,75000.0,IRON_FLY_2020-08-28_2020-09-03,2020-08-28,2020-09-03,6220.23,1118.52,122171.66,122171.66,0.0
IRON_FLY,75000.0,IRON_FLY_2020-09-04_2020-09-10,2020-09-04,2020-09-10,230.23,1112.27,122401.89,122401.89,0.0
IRON_FLY,75000.0,IRON_FLY_2020-09-11_2020-09-17,2020-09-11,2020-09-17,6308.84,1078.66,128710.73,128710.73,0.0
IRON_FLY,75000.0,IRON_FLY_2020-09-25_2020-10-01,2020-09-25,2020-10-01,-8313.43,1057.18,120397.3,128710.73,6.46
IRON_FLY,75000.0,IRON_FLY_2020-10-05_2020-10-08,2020-10-05,2020-10-08,-42894.27,1085.52,77503.03,128710.73,39.79
IRON_FLY,75000.0,IRON_FLY_2020-10-23_2020-10-29,2020-10-23,2020-10-29,-35822.94,1011.69,41680.09,128710.73,67.62
IRON_FLY,75000.0,IRON_FLY_2020-10-30_2020-11-05,2020-10-30,2020-11-05,5144.56,1084.19,46824.65,128710.73,63.62
IRON_FLY,75000.0,IRON_FLY_2020-11-06_2020-11-12,2020-11-06,2020-11-12,2224.52,1270.48,49049.17,128710.73,61.89
IRON_FLY,75000.0,IRON_FLY_2020-11-27_2020-12-03,2020-11-27,2020-12-03,5482.8,1240.95,54531.97,128710.73,57.63
IRON_FLY,75000.0,IRON_FLY_2020-12-11_2020-12-17,2020-12-11,2020-12-17,-1602.01,1212.01,52929.96,128710.73,58.88
IRON_FLY,75000.0,IRON_FLY_2020-12-18_2020-12-24,2020-12-18,2020-12-24,5083.58,1306.42,58013.54,128710.73,54.93
IRON_FLY,75000.0,IRON_FLY_2021-01-01_2021-01-07,2021-01-01,2021-01-07,5914.29,1315.71,63927.83,128710.73,50.33
IRON_FLY,75000.0,IRON_FLY_2021-01-08_2021-01-14,2021-01-08,2021-01-14,7423.85,1291.15,71351.68,128710.73,44.56
IRON_FLY,75000.0,IRON_FLY_2021-01-29_2021-02-04,2021-01-29,2021-02-04,-9221.13,1136.13,62130.55,128710.73,51.73
IRON_FLY,75000.0,IRON_FLY_2021-02-26_2021-03-04,2021-02-26,2021-03-04,-3717.55,1208.8,58413.0,128710.73,54.62
IRON_FLY,75000.0,IRON_FLY_2021-03-05_2021-03-10,2021-03-05,2021-03-10,-30830.81,1145.81,27582.19,128710.73,78.57
IRON_FLY,75000.0,IRON_FLY_2021-03-26_2021-04-01,2021-03-26,2021-04-01,343.4,984.1,27925.59,128710.73,78.3
IRON_FLY,75000.0,IRON_FLY_2021-04-05_2021-04-08,2021-04-05,2021-04-08,-4408.89,1000.14,23516.7,128710.73,81.73
IRON_FLY,75000.0,IRON_FLY_2021-04-09_2021-04-15,2021-04-09,2021-04-15,-5217.45,927.45,18299.25,128710.73,85.78
IRON_FLY,100000.0,IRON_FLY_2020-01-31_2020-02-06,2020-01-31,2020-02-06,-1146.43,955.18,98853.57,100000.0,1.15
IRON_FLY,100000.0,IRON_FLY_2020-02-24_2020-02-27,2020-02-24,2020-02-27,8648.72,895.03,107502.29,107502.29,0.0
IRON_FLY,100000.0,IRON_FLY_2020-02-28_2020-03-05,2020-02-28,2020-03-05,29267.39,800.11,136769.68,136769.68,0.0
IRON_FLY,100000.0,IRON_FLY_2020-03-13_2020-03-19,2020-03-13,2020-03-19,-2176.44,1422.69,134593.24,136769.68,1.59
IRON_FLY,100000.0,IRON_FLY_2020-04-03_2020-04-09,2020-04-03,2020-04-09,347.36,1190.14,134940.6,136769.68,1.34
IRON_FLY,100000.0,IRON_FLY_2020-04-13_2020-04-16,2020-04-13,2020-04-16,2542.66,1177.34,137483.26,137483.26,0.0
IRON_FLY,100000.0,IRON_FLY_2020-04-24_2020-04-30,2020-04-24,2020-04-30,-84352.48,1361.23,53130.78,137483.26,61.35
IRON_FLY,100000.0,IRON_FLY_2020-05-08_2020-05-14,2020-05-08,2020-05-14,11771.0,1241.5,64901.78,137483.26,52.79
IRON_FLY,100000.0,IRON_FLY_2020-05-15_2020-05-21,2020-05-15,2020-05-21,14000.46,1243.29,78902.24,137483.26,42.61
IRON_FLY,100000.0,IRON_FLY_2020-05-22_2020-05-28,2020-05-22,2020-05-28,-64916.39,1372.64,13985.85,137483.26,89.83
IRON_CONDOR,20000.0,IRON_CONDOR_2020-01-31_2020-02-06,2020-01-31,2020-02-06,-1086.21,932.46,18913.79,20000.0,5.43
IRON_CONDOR,50000.0,IRON_CONDOR_2020-01-31_2020-02-06,2020-01-31,2020-02-06,-1086.21,932.46,48913.79,50000.0,2.17
IRON_CONDOR,50000.0,IRON_CONDOR_2020-02-24_2020-02-27,2020-02-24,2020-02-27,-8680.89,903.39,40232.9,50000.0,19.53
IRON_CONDOR,50000.0,IRON_CONDOR_2020-02-28_2020-03-05,2020-02-28,2020-03-05,-6282.7,841.45,33950.2,50000.0,32.1
IRON_CONDOR,50000.0,IRON_CONDOR_2020-03-13_2020-03-19,2020-03-13,2020-03-19,-2424.18,1400.43,31526.02,50000.0,36.95
IRON_CONDOR,50000.0,IRON_CONDOR_2020-04-24_2020-04-30,2020-04-24,2020-04-30,9095.6,1280.65,40621.62,50000.0,18.76
IRON_CONDOR,50000.0,IRON_CONDOR_2020-06-05_2020-06-11,2020-06-05,2020-06-11,-4049.19,1165.44,36572.43,50000.0,26.86
IRON_CONDOR,50000.0,IRON_CONDOR_2020-06-12_2020-06-18,2020-06-12,2020-06-18,-3920.32,1182.82,32652.11,50000.0,34.7
IRON_CONDOR,50000.0,IRON_CONDOR_2020-06-26_2020-07-02,2020-06-26,2020-07-02,-16323.76,1278.76,16328.35,50000.0,67.34
IRON_CONDOR,75000.0,IRON_CONDOR_2020-01-31_2020-02-06,2020-01-31,2020-02-06,-1086.21,932.46,73913.79,75000.0,1.45
IRON_CONDOR,75000.0,IRON_CONDOR_2020-02-24_2020-02-27,2020-02-24,2020-02-27,-8680.89,903.39,65232.9,75000.0,13.02
IRON_CONDOR,75000.0,IRON_CONDOR_2020-02-28_2020-03-05,2020-02-28,2020-03-05,-6282.7,841.45,58950.2,75000.0,21.4
IRON_CONDOR,75000.0,IRON_CONDOR_2020-03-13_2020-03-19,2020-03-13,2020-03-19,-2424.18,1400.43,56526.02,75000.0,24.63
IRON_CONDOR,75000.0,IRON_CONDOR_2020-04-24_2020-04-30,2020-04-24,2020-04-30,9095.6,1280.65,65621.62,75000.0,12.5
IRON_CONDOR,75000.0,IRON_CONDOR_2020-06-05_2020-06-11,2020-06-05,2020-06-11,-4049.19,1165.44,61572.43,75000.0,17.9
IRON_CONDOR,75000.0,IRON_CONDOR_2020-06-12_2020-06-18,2020-06-12,2020-06-18,-3920.32,1182.82,57652.11,75000.0,23.13
IRON_CONDOR,75000.0,IRON_CONDOR_2020-06-26_2020-07-02,2020-06-26,2020-07-02,-16323.76,1278.76,41328.35,75000.0,44.9
IRON_CONDOR,75000.0,IRON_CONDOR_2020-09-25_2020-10-01,2020-09-25,2020-10-01,-9044.29,1034.29,32284.06,75000.0,56.95
IRON_CONDOR,75000.0,IRON_CONDOR_2020-10-05_2020-10-08,2020-10-05,2020-10-08,-17804.2,1094.2,14479.86,75000.0,80.69
IRON_CONDOR,100000.0,IRON_CONDOR_2020-01-31_2020-02-06,2020-01-31,2020-02-06,-1086.21,932.46,98913.79,100000.0,1.09
IRON_CONDOR,100000.0,IRON_CONDOR_2020-02-24_2020-02-27,2020-02-24,2020-02-27,-8680.89,903.39,90232.9,100000.0,9.77
IRON_CONDOR,100000.0,IRON_CONDOR_2020-02-28_2020-03-05,2020-02-28,2020-03-05,-6282.7,841.45,83950.2,100000.0,16.05
IRON_CONDOR,100000.0,IRON_CONDOR_2020-03-13_2020-03-19,2020-03-13,2020-03-19,-2424.18,1400.43,81526.02,100000.0,18.47
IRON_CONDOR,100000.0,IRON_CONDOR_2020-04-24_2020-04-30,2020-04-24,2020-04-30,9095.6,1280.65,90621.62,100000.0,9.38
IRON_CONDOR,100000.0,IRON_CONDOR_2020-06-05_2020-06-11,2020-06-05,2020-06-11,-4049.19,1165.44,86572.43,100000.0,13.43
IRON_CONDOR,100000.0,IRON_CONDOR_2020-06-12_2020-06-18,2020-06-12,2020-06-18,-3920.32,1182.82,82652.11,100000.0,17.35
IRON_CONDOR,100000.0,IRON_CONDOR_2020-06-26_2020-07-02,2020-06-26,2020-07-02,-16323.76,1278.76,66328.35,100000.0,33.67
IRON_CONDOR,100000.0,IRON_CONDOR_2020-09-25_2020-10-01,2020-09-25,2020-10-01,-9044.29,1034.29,57284.06,100000.0,42.72
IRON_CONDOR,100000.0,IRON_CONDOR_2020-10-05_2020-10-08,2020-10-05,2020-10-08,-17804.2,1094.2,39479.86,100000.0,60.52
IRON_CONDOR,100000.0,IRON_CONDOR_2020-10-23_2020-10-29,2020-10-23,2020-10-29,-781.94,1025.69,38697.92,100000.0,61.3
IRON_CONDOR,100000.0,IRON_CONDOR_2020-10-30_2020-11-05,2020-10-30,2020-11-05,-2594.54,1053.29,36103.38,100000.0,63.9
IRON_CONDOR,100000.0,IRON_CONDOR_2020-11-27_2020-12-03,2020-11-27,2020-12-03,-2829.26,1209.26,33274.12,100000.0,66.73
IRON_CONDOR,100000.0,IRON_CONDOR_2020-12-11_2020-12-17,2020-12-11,2020-12-17,-3597.8,1164.05,29676.32,100000.0,70.32
IRON_CONDOR,100000.0,IRON_CONDOR_2020-12-18_2020-12-24,2020-12-18,2020-12-24,4884.2,1284.55,34560.52,100000.0,65.44
IRON_CONDOR,100000.0,IRON_CONDOR_2021-01-29_2021-02-04,2021-01-29,2021-02-04,-21305.03,1085.03,13255.49,100000.0,86.74
